id,topic,argument,source_title,source_url
1,We should limit executive compensation,"A February 2009 report, published by the Institute for Policy Studies notes the impact excessive executive compensation has on taxpayers: U.S. taxpayers subsidize excessive executive compensation - by more than $20 billion per year - via a variety of tax and accounting loopholes.",Executive pay,https://en.wikipedia.org/wiki/Executive_pay
2,We should ban partial birth abortions,"Also in his first year as governor Huckabee signed a partial birth abortion ban and a $7.6 Million Smart Start program for primary school students to learn ""the basic skills of reading, math, and character.""",Governorship of Mike Huckabee,https://en.wikipedia.org/wiki/Governorship_of_Mike_Huckabee
3,We should ban partial birth abortions,"In 2007, the Court upheld a federal statute banning partial-birth abortion in Gonzales v. Carhart [REF].",Antonin Scalia,https://en.wikipedia.org/wiki/Antonin_Scalia
4,We should ban partial birth abortions,"Obama voted against the Partial-Birth Abortion Ban Act, saying ""On an issue like partial birth abortion, I strongly believe that the state can properly restrict late-term abortions.",Barack Obama social policy,https://en.wikipedia.org/wiki/Barack_Obama_social_policy
5,We should ban partial birth abortions,Otter is pro-life and has voted to ban federal funding of abortions and opposes partial-birth abortions.,Butch Otter,https://en.wikipedia.org/wiki/Butch_Otter
6,We should ban partial birth abortions,"In the mid-1990s, Moynihan was one of the Democrats to support the ban on the procedure known as partial-birth abortion.",Daniel Patrick Moynihan,https://en.wikipedia.org/wiki/Daniel_Patrick_Moynihan
7,We should ban partial birth abortions,"In 2007, the organization was involved in a Supreme Court case in which it helped to uphold the 2003 federal ban on partial-birth abortions [REF].",Americans United for Life,https://en.wikipedia.org/wiki/Americans_United_for_Life
8,We should ban partial birth abortions,"Snyder voted against the Federal Marriage Amendment, the ban on partial-birth abortions, banning lawsuits against gun manufacturers and distributors, bankruptcy reform, drilling in ANWR, and on October 10, 2002, he was among the 133 members of the House who voted against authorizing the invasion of Iraq.",Vic Snyder,https://en.wikipedia.org/wiki/Vic_Snyder
9,We should ban partial birth abortions,"Kennedy wrote the majority opinion in 2007's Gonzales v. Carhart, which held that a federal law criminalizing partial-birth abortion did not violate Casey because it did not impose an ""undue burden.""",Anthony Kennedy,https://en.wikipedia.org/wiki/Anthony_Kennedy
10,We should ban partial birth abortions,"The DLC opposed the partial birth abortion ban, the expiration of the 1994 assault weapon ban, the Clear Skies Initiative, and what they perceived as a lack of funding of the Community Oriented Policing Services (COPS) program.",Democratic Leadership Council,https://en.wikipedia.org/wiki/Democratic_Leadership_Council
11,We should ban partial birth abortions,"Jeffords consistently voted against the ban on partial-birth abortion, and also against a harsher line on Cuba.",Jim Jeffords,https://en.wikipedia.org/wiki/Jim_Jeffords
12,We should ban partial birth abortions,"In writing against a legal ban on so-called ""partial birth abortion,"" Rabbi David Ellenson, president of the Reform Movement's Hebrew Union College, has written, ""This law as it has been enacted unquestionably diminishes the inviolable status and worth that ought to be granted women as moral agents created in the image of God."" .",Judaism and abortion,https://en.wikipedia.org/wiki/Judaism_and_abortion
13,We should ban partial birth abortions,"In the 2000 Supreme Court case of Stenberg v. Carhart, a Nebraska law banning ""partial-birth abortion"" was ruled unconstitutional, in part because the language defining ""partial-birth abortion"" was deemed vague [REF].",Partial-Birth Abortion Ban Act,https://en.wikipedia.org/wiki/Partial-Birth_Abortion_Ban_Act
14,We should ban partial birth abortions,"In 2000 Ohio introduced another ""partial-birth abortion"" ban.",Intact dilation and extraction,https://en.wikipedia.org/wiki/Intact_dilation_and_extraction
15,We should ban partial birth abortions,"Several polls have stated that a majority of Americans support banning ""partial birth abortion"" when the pollsters describe it as such [REF].",Political positions of Harry Reid,https://en.wikipedia.org/wiki/Political_positions_of_Harry_Reid
16,We should ban partial birth abortions,"Kennedy's majority opinion argued that the case differed from Stenberg v. Carhart, a 2000 case in which the Supreme Court struck down a state ban on ""partial-birth abortion"" as unconstitutional, in that the Partial Birth Abortion Act defined the banned procedure more clearly.",Partial-Birth Abortion Ban Act,https://en.wikipedia.org/wiki/Partial-Birth_Abortion_Ban_Act
17,We should ban partial birth abortions,O'Reilly ardently condemns the practice of partial birth abortion.,Political views of Bill O'Reilly,https://en.wikipedia.org/wiki/Political_views_of_Bill_O'Reilly
18,We should ban partial birth abortions,Thomas further noted that the gruesome nature of some partial-birth abortions has caused personal trauma in the doctors performing them.,Stenberg v. Carhart,https://en.wikipedia.org/wiki/Stenberg_v._Carhart
19,We should ban partial birth abortions,"Abortion Upton opposes abortion in most circumstances, voting to prohibit partial-birth abortion and supported the interests of the National Right to Life Committee 75 percent in 2009 [REF].",Fred Upton,https://en.wikipedia.org/wiki/Fred_Upton
20,We should ban partial birth abortions,"In 2010, he stated, ""I support the Roe v. Wade Supreme Court decision; however, I oppose federal funding of abortions (Hyde Amendment) and support banning of so-called partial-birth abortions.""[REF]",Charles Bass,https://en.wikipedia.org/wiki/Charles_Bass
21,We should ban partial birth abortions,"While in the State Senate, Lauzen has also sponsored a ban on partial-birth abortion, has supported term limits for State Legislators,[REF] has tried to limit spending in the Illinois General Assembly, and has worked to reduce deficit spending in Illinois.",Chris Lauzen,https://en.wikipedia.org/wiki/Chris_Lauzen
22,We should ban partial birth abortions,The United States Supreme Court upheld the 2003 partial-birth abortion ban by a narrow majority of 5-4.,Abortion in the United States by state,https://en.wikipedia.org/wiki/Abortion_in_the_United_States_by_state
23,We should ban partial birth abortions,"In 2003, Byrd voted for the Partial-Birth Abortion Ban Act, which prohibits intact dilation and extraction [REF].",Robert Byrd,https://en.wikipedia.org/wiki/Robert_Byrd
24,We should ban partial birth abortions,"In Stenberg v. Carhart (2000), the Court struck down a state ban on partial-birth abortion, concluding that it failed the ""undue burden"" test established in Casey.",Clarence Thomas,https://en.wikipedia.org/wiki/Clarence_Thomas
25,We should ban partial birth abortions,"In 1997, McCarthy voted against a ban on late-term partial-birth abortions.",Carolyn McCarthy,https://en.wikipedia.org/wiki/Carolyn_McCarthy
26,We should ban partial birth abortions,"On June 24, 2008, Wilkinson authored a concurring opinion in Richmond Medical Center For Women v. Herring, which upheld the Virginia ban on partial-birth abortions.",J. Harvie Wilkinson III,https://en.wikipedia.org/wiki/J._Harvie_Wilkinson_III
27,We should ban partial birth abortions,"As Chairman of the House Subcommittee on the Constitution, Chabot authored the legislation to ban the practice of partial-birth abortion.",Steve Chabot,https://en.wikipedia.org/wiki/Steve_Chabot
28,We should ban partial birth abortions,"In 1999 and 2003, Daschle voted in favor of the ban on so-called ""partial-birth abortion"",[REF][REF] and supported legislation making it a crime to harm a fetus when someone attacks a pregnant woman [REF].",Tom Daschle,https://en.wikipedia.org/wiki/Tom_Daschle
29,We should ban partial birth abortions,"In the Senate, Kerry has consistently voted against bans on abortions conducted on military bases and military installations overseas, as well as against the ban on partial-birth abortion.","John Kerry presidential campaign, 2004","https://en.wikipedia.org/wiki/John_Kerry_presidential_campaign,_2004"
30,We should ban partial birth abortions,NARAL endorsed Sestak in the 2010 Democratic primary over Specter because of Sestak's opposition to a ban on partial birth abortion [REF].,Joe Sestak,https://en.wikipedia.org/wiki/Joe_Sestak
31,We should ban partial birth abortions,Brownback also supports parental notification for minors who seek an abortion and opposes Partial Birth Abortion [REF].,Sam Brownback,https://en.wikipedia.org/wiki/Sam_Brownback
32,We should ban partial birth abortions,"During his term, Sodrel expressed strong pro-life opinions and opposed partial-birth abortions and federal funding for elective abortions.",Mike Sodrel,https://en.wikipedia.org/wiki/Mike_Sodrel
33,We should ban partial birth abortions,"Smith has described himself as pro-life,[REF] and in 2003 he voted in favor of the Partial-Birth Abortion Ban Act, legislation that prohibits the controversial intact dilation and extraction procedure.",Gordon H. Smith,https://en.wikipedia.org/wiki/Gordon_H._Smith
34,We should ban partial birth abortions,Kaptur also voted in favor of banning partial-birth abortions in 2000 and 2003 [REF].,Marcy Kaptur,https://en.wikipedia.org/wiki/Marcy_Kaptur
35,We should ban partial birth abortions,"As Governor, Gilmore signed into law legislation establishing a 24-hour waiting period and informed consent for women seeking an abortion, as well as a ban against partial birth abortion.",Jim Gilmore,https://en.wikipedia.org/wiki/Jim_Gilmore
36,We should ban partial birth abortions,Additional polls from 2003 found between 47-70% in favor of banning partial-birth abortions and between 25-40% opposed [REF].,Partial-Birth Abortion Ban Act,https://en.wikipedia.org/wiki/Partial-Birth_Abortion_Ban_Act
37,We should ban partial birth abortions,"For example, Kennedy dissented in the 2000 decision in Stenberg v. Carhart, which struck down laws criminalizing partial-birth abortion [REF].",Anthony Kennedy,https://en.wikipedia.org/wiki/Anthony_Kennedy
38,Homeschooling should be banned,"Gallup polls of American voters have shown a significant change in attitude in the last twenty years, from 73% opposed to home education in 1985 to 54% opposed in 2001 [REF].",Homeschooling,https://en.wikipedia.org/wiki/Homeschooling
39,Homeschooling should be banned,Status: Legal It follows from § 76 in the Danish constitution that homeschooling is legal [REF].,Homeschooling international status and statistics,https://en.wikipedia.org/wiki/Homeschooling_international_status_and_statistics
40,Homeschooling should be banned,"Home schooling is important in the Mountain Communities, according to a March 2008 report in the local weekly newspaper, the Mountain Enterprise, which added: Per capita, the Mountain Communities may have one of the highest rates of homeschooling in the state, far above the national average of 2 to 4 percent, Holly Van Houten . .",El Tejon Unified School District,https://en.wikipedia.org/wiki/El_Tejon_Unified_School_District
41,Homeschooling should be banned,"Stanford University political scientist Professor Rob Reich [REF] (not to be confused with former U.S. Secretary of Labor, Robert Reich) wrote in The Civic Perils of Homeschooling (2002) that homeschooling can potentially give students a one-sided point of view, as their parents may, even unwittingly, block or diminish all points of view but their own in teaching.",Homeschooling,https://en.wikipedia.org/wiki/Homeschooling
42,Homeschooling should be banned,"Unschoolers cite studies which report that home educated students tend to be more mature than their schooled peers,[REF][REF][REF] and some believe this is a result of the wide range of people with which they have the opportunity to communicate [REF].",Unschooling,https://en.wikipedia.org/wiki/Unschooling
43,Homeschooling should be banned,"Home-schooling is important in Frazier Park and surrounding areas, according to a March 2008 report in the Mountain Enterprise, which added: Per capita, the Mountain Communities may have one of the highest rates of homeschooling in the state, far above the national average of 2 to 4 percent, Holly Van Houten . .","Frazier Park, California","https://en.wikipedia.org/wiki/Frazier_Park,_California"
44,Homeschooling should be banned,"In September 2006, the European Court of Human Rights upheld the German ban on homeschooling, stating ""parents may not refuse.. [compulsory schooling] on the basis of their convictions"", and adding that the right to education ""calls for regulation by the State"".",Homeschooling international status and statistics,https://en.wikipedia.org/wiki/Homeschooling_international_status_and_statistics
45,Homeschooling should be banned,"Franklin was an opponent of public schools, stating on his weekly blog that, ""The State Has No Jurisdiction To Educate Our Children - Period!""[REF] Rep. Franklin commented that public schools are a ""sinking ship"" and he believed that private and home schooling are a better alternative for Georgia.",Bobby Franklin,https://en.wikipedia.org/wiki/Bobby_Franklin
46,Homeschooling should be banned,"In 1980, Holt said, ""I want to make it clear that I don't see homeschooling as some kind of answer to badness of schools.",Homeschooling,https://en.wikipedia.org/wiki/Homeschooling
47,Homeschooling should be banned,"Homeschooling is increasingly becoming recognized as a viable alternative to institutional education, and fewer families are being targeted for prosecution.",Homeschooling in the United States,https://en.wikipedia.org/wiki/Homeschooling_in_the_United_States
48,Homeschooling should be banned,Home education is favored by a growing number of parents who take direct responsibility for their children's education rather than enrolling them in local public schools seen as not meeting expectations.,Education reform,https://en.wikipedia.org/wiki/Education_reform
49,Homeschooling should be banned,"As a freshman on the Platform Committee, Schwartz added ""home schooling"" as a legitimate alternative to public school education to the Platform.",Bob Schwartz,https://en.wikipedia.org/wiki/Bob_Schwartz
50,Homeschooling should be banned,The Christian right sees homeschooling and private schooling as a viable alternative to secular education.,Christian right,https://en.wikipedia.org/wiki/Christian_right
51,Homeschooling should be banned,The ACT government supports home education under the ACT Education Act 2004.,Education in the Australian Capital Territory,https://en.wikipedia.org/wiki/Education_in_the_Australian_Capital_Territory
52,Homeschooling should be banned,"The National Education Association, a United States teachers' union and professional association, opposes homeschooling [REF].",Homeschooling,https://en.wikipedia.org/wiki/Homeschooling
53,Homeschooling should be banned,"In August 2008, the court issued a new decision unanimously reversing its earlier decision and the Court further stated that homeschooling was legal in California [REF].",Homeschooling in the United States,https://en.wikipedia.org/wiki/Homeschooling_in_the_United_States
54,Homeschooling should be banned,"Gosling has said that homeschooling gave him ""a sense of autonomy that I've never really lost"" [REF].",Ryan Gosling,https://en.wikipedia.org/wiki/Ryan_Gosling
55,We should increase government regulation,"Firstly, said Quesnay, regulation impedes the flow of income throughout all social classes and therefore economic development.",History of economic thought,https://en.wikipedia.org/wiki/History_of_economic_thought
56,We should increase government regulation,"Huberty, a survivalist, saw signs of growing trouble in America, believing that government meddling and regulation was the cause of business failures and unemployment, including his own.",San Ysidro McDonald's massacre,https://en.wikipedia.org/wiki/San_Ysidro_McDonald's_massacre
57,We should increase government regulation,"In October 2007, a public opinion poll taken by the Japanese government showed that 86.5% of respondents favored regulation on art depicting child pornography, while 90.9% endorsed regulation of ""harmful materials"" on the Internet [REF].",Child pornography laws in Japan,https://en.wikipedia.org/wiki/Child_pornography_laws_in_Japan
58,We should increase government regulation,"Energy: Badnarik opposes government regulation of the energy industry, instead arguing that the free market is more effective in controlling prices and maintaining stability.",Michael Badnarik,https://en.wikipedia.org/wiki/Michael_Badnarik
59,We should increase government regulation,"As with wired Internet access, the CTIA has stated that they strongly believe that regulation is not necessary and may do more harm than good [REF].",Policies promoting wireless broadband in the United States,https://en.wikipedia.org/wiki/Policies_promoting_wireless_broadband_in_the_United_States
60,We should increase government regulation,LEAP is a drug law reform organization that believes legalized regulation is the only ethical and efficient way to undo the damage caused by the War on Drugs.,Law Enforcement Against Prohibition,https://en.wikipedia.org/wiki/Law_Enforcement_Against_Prohibition
61,We should increase government regulation,"2005 - the RCEP's report agreed with Downs' claim that current regulations are inadequate, and concluded that crop spraying is a health risk.",UK Pesticides Campaign,https://en.wikipedia.org/wiki/UK_Pesticides_Campaign
62,We should increase government regulation,In the 1990s Hans Monderman's studies of driver behavior led him to the realization that signs and regulations had an adverse effect on a driver's ability to interact safely with other road users.,Traffic collision,https://en.wikipedia.org/wiki/Traffic_collision
63,We should increase government regulation,Political analyst Cherian George noted that the regulation would hinder the development of citizen journalism in Singapore [REF].,"Singaporean general election, 2006","https://en.wikipedia.org/wiki/Singaporean_general_election,_2006"
64,We should increase government regulation,"The regulated expression of H19, from biallelic to monoallelic, throughout embryonic development suggests that regulation is essential for the growth of embryonic and extraembryonic tissues [REF].",H19 (gene),https://en.wikipedia.org/wiki/H19_(gene)
65,We should increase government regulation,"Governor Romney supported regulation of greenhouse gas emissions, primarily through voluntary measures[REF] He issued a 72-point Climate Protection Plan in May 2004 [REF].",Governorship of Mitt Romney,https://en.wikipedia.org/wiki/Governorship_of_Mitt_Romney
66,We should increase government regulation,"Sullivan is a vocal critic of the Environmental Protection Agency, claiming that regulations being pushed by the Obama Administration are harmful to the U.S. economy.",John Sullivan (Oklahoma),https://en.wikipedia.org/wiki/John_Sullivan_(Oklahoma)
67,We should increase government regulation,"And like most industries with pollution problems, chemical manufacturers oppose meddlesome government regulations that make it more difficult and expensive for them to do business.",California Green Chemistry Initiative,https://en.wikipedia.org/wiki/California_Green_Chemistry_Initiative
68,We should increase government regulation,"In an April 14, 2005 speech before the U.S. House of Representatives, Paul stated, ""These regulations are damaging American capital markets by providing an incentive for small US firms and foreign firms to deregister from US stock exchanges.",Sarbanes–Oxley Act,https://en.wikipedia.org/wiki/Sarbanes–Oxley_Act
69,We should increase government regulation,"The Party also supports the abolition of the Bank of Canada, arguing that government regulation of currency and credit is harmful to the economy.",Libertarian Party of Canada,https://en.wikipedia.org/wiki/Libertarian_Party_of_Canada
70,We should increase government regulation,"Genachowski said regulations would ""support policies that advance our global competitiveness and preserve the Internet as a powerful platform for innovation.""[REF] .",National Broadband Plan (United States),https://en.wikipedia.org/wiki/National_Broadband_Plan_(United_States)
71,We should increase government regulation,De Soto and his team argue that excessive regulation in the Peruvian (and other Latin American) economies force a large part of the economy into informality and thus prevent economic development.,Informal sector,https://en.wikipedia.org/wiki/Informal_sector
72,We should increase government regulation,"In 2004, conservative think tank Cato Institute published a study which concluded that regulation provides benefits in the amount of $170 billion but costs the public up to $340 billion [REF].",Health care in the United States,https://en.wikipedia.org/wiki/Health_care_in_the_United_States
73,We should increase government regulation,"Harris Miller, president of the Information Technology Association of America, believes that regulation inhibits innovation.",Cyber-security regulation,https://en.wikipedia.org/wiki/Cyber-security_regulation
74,We should increase government regulation,"In The Rise and Decline of Nations, 1982, Mancur Olson argues that ""bureaucratic regulation itself generates further complexity and costs.","Complexity, Problem Solving, and Sustainable Societies","https://en.wikipedia.org/wiki/Complexity,_Problem_Solving,_and_Sustainable_Societies"
75,We should increase government regulation,Barack Obama has argued that current loopholes in CFTC regulations have contributed to skyrocketing prices and lack of transparency of oil on markets [REF].,Commodity Futures Trading Commission,https://en.wikipedia.org/wiki/Commodity_Futures_Trading_Commission
76,We should increase government regulation,"Berg has voted to curtail EPA regulations, stating: ""In North Dakota, we know the damaging effects that overreaching government regulations can have on our small businesses and their ability to create jobs.""[REF]",Rick Berg,https://en.wikipedia.org/wiki/Rick_Berg
77,We should increase government regulation,Bruce Schneier also supports regulation that encourages software companies to write more secure code through economic incentives.,Cyber-security regulation,https://en.wikipedia.org/wiki/Cyber-security_regulation
78,We should subsidize adoptions,"As founder, leader and principal spokesperson for the CDF, Mrs. Edelman worked to persuade Congress to overhaul foster care, support adoption, improve child care and protect children who are disabled, homeless, abused or neglected.",Marian Wright Edelman,https://en.wikipedia.org/wiki/Marian_Wright_Edelman
79,We should subsidize adoptions,"As such, The United Methodist Church encourages society to support and facilitate the option of adoption and also provide nurturing ministries to those who have terminated a pregnancy [REF].",United Methodist Church,https://en.wikipedia.org/wiki/United_Methodist_Church
80,We should fight illegal immigration,"Military investigations showed that illegal immigration was related to increasing rates of prostitution, gambling, money laundering, and illegal fishing.",Chinese in Fiji,https://en.wikipedia.org/wiki/Chinese_in_Fiji
81,We should fight illegal immigration,"Lipman asserts that ""undocumented immigrants actually contribute more to public coffers in taxes than they cost in social services"" and ""contribute to the U.S. economy through their investments and consumption of goods and services; filling of millions of essential worker positions resulting in subsidiary job creation, increased productivity and lower costs of goods and services; and unrequited contributions to Social Security, Medicare and unemployment insurance programs.""[REF] .",Economic impact of illegal immigrants in the United States,https://en.wikipedia.org/wiki/Economic_impact_of_illegal_immigrants_in_the_United_States
82,We should fight illegal immigration,"Jenkins has denounced ""unchecked illegal immigration"" that ""is wreaking havoc on our economic, legal, and national security interests.""[REF]",Lynn Jenkins,https://en.wikipedia.org/wiki/Lynn_Jenkins
83,We should fight illegal immigration,"McCrory argued that illegal immigration has brought gang activity to the state, and was straining the resources of public schools and services [REF].",Pat McCrory,https://en.wikipedia.org/wiki/Pat_McCrory
84,We should fight illegal immigration,"Around 2005, an increasing number of banks saw illegal immigrants as an untapped resource for growing their own revenue stream and contended that providing illegal aliens with mortgages would help revitalize local communities, with many community banks providing home loans for illegal immigrants [REF].",Illegal immigration to the United States,https://en.wikipedia.org/wiki/Illegal_immigration_to_the_United_States
85,We should fight illegal immigration,"TCC opposes illegal immigration and legislation characterized by TCC as an amnesty for illegal immigrants, such as S. 2611.",The Conservative Caucus,https://en.wikipedia.org/wiki/The_Conservative_Caucus
86,We should fight illegal immigration,A paper in the peer reviewed Tax Lawyer journal from the American Bar Association asserts that illegal immigrants contribute more in taxes than they cost in social services [REF].,Illegal immigration to the United States,https://en.wikipedia.org/wiki/Illegal_immigration_to_the_United_States
87,We should fight illegal immigration,"In 2007, the Board of Regents that makes policy for Georgia state universities instituted a rule that illegal immigrants could not receive in-state tuition [REF].",Jessica Colotl controversy,https://en.wikipedia.org/wiki/Jessica_Colotl_controversy
88,We should fight illegal immigration,"Tancredo said he intended to visit New Hampshire and Iowa, declaring Bush should ""[understand] the threat illegal immigrants pose to the country's security.""",Tom Tancredo,https://en.wikipedia.org/wiki/Tom_Tancredo
89,We should fight illegal immigration,"In a CBS News/New York Times poll, 69% of Americans favor prosecuting and deporting illegal immigrants; 33% favor deporting those who have lived and worked in the U.S. for at least two years [REF].",Illegal immigration to the United States,https://en.wikipedia.org/wiki/Illegal_immigration_to_the_United_States
90,We should fight illegal immigration,"Craig, the principal sponsor of AgJOBS, continues to support amnesty for illegal immigrants who are ""trusted workers with a significant work history in American agriculture.""[REF]",Larry Craig,https://en.wikipedia.org/wiki/Larry_Craig
91,We should fight illegal immigration,"George J. Borjas, an economist at Harvard University, has argued that illegal immigration may reduce the economic status of U.S. poor while benefiting middle class individuals and wealthier Americans [REF].",Illegal immigration to the United States,https://en.wikipedia.org/wiki/Illegal_immigration_to_the_United_States
92,We should fight illegal immigration,"Professor of Law Francine Lipman [REF] writes that the belief that illegal migrants are exploiting the US economy and that they cost more in services than they contribute to the economy is ""undeniably false"".",Economic impact of illegal immigrants in the United States,https://en.wikipedia.org/wiki/Economic_impact_of_illegal_immigrants_in_the_United_States
93,We should fight illegal immigration,"The Federation for American Immigration Reform (FAIR) has stated, ""the criminal alien program is growing,"" ""continued illegal immigration aggravates the problem"" of the United States' detention system, and has called for ""greater INS and local government cooperation to identify criminal aliens, additional detention facilities for those in deportation proceedings.""[REF]",Immigration detention in the United States,https://en.wikipedia.org/wiki/Immigration_detention_in_the_United_States
94,We should fight illegal immigration,JCUA supports legislation that would provide illegal immigrants with an avenue to achieve citizenship and advocates a ban on deportations [REF].,Jewish Council on Urban Affairs,https://en.wikipedia.org/wiki/Jewish_Council_on_Urban_Affairs
95,We should fight illegal immigration,"In a late 1980s study, economists overwhelmingly viewed immigration, including illegal immigration, as a positive for the economy [REF].",Immigration to the United States,https://en.wikipedia.org/wiki/Immigration_to_the_United_States
96,We should fight illegal immigration,UCLA research indicates illegal immigrants produce $150 billion of economic activity equivalent to spending stimulus every year.,Causes of the late-2000s recession,https://en.wikipedia.org/wiki/Causes_of_the_late-2000s_recession
97,We should fight illegal immigration,"In 2007, President George W. Bush called for Congress to endorse his guest worker proposal, stating that illegal immigrants took jobs that Americans would not take [REF].",Illegal immigration,https://en.wikipedia.org/wiki/Illegal_immigration
98,We should fight illegal immigration,"As a member of the Assembly, Jones has expressed strong support for the Second Amendment[REF], opposition to illegal immigration[REF], and a desire to see reforms aimed at curtailing the influence of public-sector labor unions.",Brian Jones (California politician),https://en.wikipedia.org/wiki/Brian_Jones_(California_politician)
99,We should fight illegal immigration,Bauer supports enforcing all laws against illegal immigration and that all immigrants should learn English and U.S. traditions [REF].,Gary Bauer,https://en.wikipedia.org/wiki/Gary_Bauer
100,We should fight illegal immigration,"National Public Radio (NPR) reported in March 2006 that: ""..overall, illegal immigrants don't have a big impact on U.S. wage rates.",Economic impact of illegal immigrants in the United States,https://en.wikipedia.org/wiki/Economic_impact_of_illegal_immigrants_in_the_United_States
101,We should fight illegal immigration,"By 1993, Californians passed Proposition 187, denying benefits to illegal immigrants and criminalizing illegal immigrants in possession of forged green cards, I.D. cards and Social Security Numbers.",United States Border Patrol,https://en.wikipedia.org/wiki/United_States_Border_Patrol
102,We should fight illegal immigration,"The conservative Heritage Foundation speculates that illegal immigration increases job competition among low wage earners, both native and foreign born.",Poverty in the United States,https://en.wikipedia.org/wiki/Poverty_in_the_United_States
103,We should fight illegal immigration,One survey conducted in the 1980s found that 76 percent of economists felt recent illegal immigration had a positive effect on the economy [REF].,Economic impact of illegal immigrants in the United States,https://en.wikipedia.org/wiki/Economic_impact_of_illegal_immigrants_in_the_United_States
104,We should fight illegal immigration,"The Israeli economic commentator Nehemiah Shtrasler estimated that the illegal immigrants take the places of weaker manual workers, causing loss of jobs and a reduction in the wages.",Illegal immigration from Africa to Israel,https://en.wikipedia.org/wiki/Illegal_immigration_from_Africa_to_Israel
105,We should fight gender inequality,Empowering women's reproductive health ultimately advocates for eliminating gender inequalities.,Population and Community Development Association,https://en.wikipedia.org/wiki/Population_and_Community_Development_Association
106,We should fight gender inequality,The Gender-related Development Index (GDI) and the Gender Empowerment Measure (GEM) were introduced in the 1995 Human Development Report with growing international recognition of the importance of eliminating gender inequality.,Gender Inequality Index,https://en.wikipedia.org/wiki/Gender_Inequality_Index
107,We should fight gender inequality,"Gender imbalance may result in the threat of social unrest, especially in the case of an excess of low-status young males unable to find spouses,[REF] and being recruited into the service of militaristic political factions.",Human sex ratio,https://en.wikipedia.org/wiki/Human_sex_ratio
108,We should fight gender inequality,"Contrary to these views, the Stoic philosophers argued for equality of the sexes, sexual inequality being in their view contrary to the laws of nature [REF].",Women's rights,https://en.wikipedia.org/wiki/Women's_rights
109,We should fight gender inequality,"In 2007 the United Nations Economic and Social Council (ECOSOC) reaffirmed its commitment to eliminating gender inequalities by requesting the Institute to strengthen its research and training activities in accordance with its mandates and its Strategic Framework 2008-2011, which strengthens the Institute's commitment to act as a catalyst for action on gender - promoting applied research, facilitating information-sharing, and supporting capacity-building.",United Nations International Research and Training Institute for the Advancement of Women,https://en.wikipedia.org/wiki/United_Nations_International_Research_and_Training_Institute_for_the_Advancement_of_Women
110,We should fight gender inequality,"Evidence shows strong relationships between levels of violence and potentially modifiable factors such as concentrated poverty, income and gender inequality, the harmful use of alcohol, and the absence of safe, stable, and nurturing relationships between children and parents.",Violence,https://en.wikipedia.org/wiki/Violence
111,We should fight gender inequality,PRRM also wishes to promote gender inequality and this would be shown in the projects done by PRRM.,Philippine Rural Reconstruction Movement,https://en.wikipedia.org/wiki/Philippine_Rural_Reconstruction_Movement
112,We should fight gender inequality,"GBS's women's empowerment programme attempts to reduce gender inequality and improve the lifestyles of rural, impoverished women in Rajasthan.",Gram Bharati Samiti,https://en.wikipedia.org/wiki/Gram_Bharati_Samiti
113,We should fight gender inequality,2010 - Jessica Posner - Co-founded Shining Hope for Communities to combat gender inequality and poverty in Kibera.,Do Something,https://en.wikipedia.org/wiki/Do_Something
114,We should fight gender inequality,"The contribution of UNFPA to the global response to AIDS is shaped by its mandate to reduce poverty, eliminate gender inequality and ensure universal access to sexual and reproductive health.",United Nations Population Fund,https://en.wikipedia.org/wiki/United_Nations_Population_Fund
115,We should fight gender inequality,"Brockman has argued that gender equality is developing only slowly within the field of law, and that more can be done to eliminate gender inequality in this area.",Joan Brockman,https://en.wikipedia.org/wiki/Joan_Brockman
116,We should abandon coal mining,The Anvil Hill Alliance includes community and environment groups in NSW opposed to the expansion of coal mines in his high conservation value region.,Climate change in Australia,https://en.wikipedia.org/wiki/Climate_change_in_Australia
117,We should abandon coal mining,"Hansen said that mountaintop removal for coal mining ""[provides] only a small fraction of our energy"" and ""should be abolished.""[REF]",James Hansen,https://en.wikipedia.org/wiki/James_Hansen
118,We should abandon coal mining,"In 1988 the International Joint Commission, ruled that a proposed open pit coal mine would violate the 1909 Boundary Waters Treaty.",Flathead River,https://en.wikipedia.org/wiki/Flathead_River
119,We should abandon coal mining,"The West Virginia Office of Miners' Health, Safety and Training stated that West Virginia coal mines were safe following the tremors [REF].",2011 Virginia earthquake,https://en.wikipedia.org/wiki/2011_Virginia_earthquake
120,We should abandon coal mining,A report compiled by the Lanzhou University in 2006 warned that the felling of the forests around Zhouqu for coal mining and agriculture would cause heavy soil erosion and destabilise hillsides.,Global storm activity of mid 2010,https://en.wikipedia.org/wiki/Global_storm_activity_of_mid_2010
121,We should abandon coal mining,The Wyoming Mining Association (WMA) reports that the coal mining industry alone contributed over $1.15 billion to the state and local governments in 2009 [REF].,Environmental Issues in Wyoming,https://en.wikipedia.org/wiki/Environmental_Issues_in_Wyoming
122,We should abandon coal mining,Federal energy policies continue to support the coal mining and natural gas industries through subsidies for fossil fuel use and production as the exports by those industries contribute significantly to the earnings of foreign exchange and government revenues.,Energy policy of Australia,https://en.wikipedia.org/wiki/Energy_policy_of_Australia
123,We should abandon coal mining,The development of the Brooketon Colliery coal mine also lead to transport and infrastructure development at Muara.,"Muara, Brunei","https://en.wikipedia.org/wiki/Muara,_Brunei"
124,We should abandon coal mining,"According to the American Society of Civil Engineers, the Kinzua Bridge ""was a critical structure in facilitating the transport of coal from Northwestern Pennsylvania to the Eastern Great Lakes region, and is credited with causing an increase in coal mining that led to significant economic growth.""[REF] .",Kinzua Bridge,https://en.wikipedia.org/wiki/Kinzua_Bridge
125,We should abandon coal mining,"In 2007, Douglas Park residents expressed concern that coal-mining in the area would cause the collapse of either or both of these bridges, possibly resulting in many deaths [REF].","Douglas Park, New South Wales","https://en.wikipedia.org/wiki/Douglas_Park,_New_South_Wales"
126,We should abandon coal mining,"Doctors from the region have pointed out the long-term health damage to Navajos from coal mining for those who live around the mines, including asthma and lung diseases and many different types of cancer.",Water politics,https://en.wikipedia.org/wiki/Water_politics
127,We should abandon coal mining,"George Monbiot asked why he couldn't find any opposition of the CPRE to surface coal mining over the past five years, and pointed out that the negative effects that coal mines cause by removing the soil from large areas are much greater than the negative effects wind energy might have on the countryside [REF].",Campaign to Protect Rural England,https://en.wikipedia.org/wiki/Campaign_to_Protect_Rural_England
128,We should abandon coal mining,"Small mines (comprising 90% of all mines) are known to have far higher death rates, and the government of China has banned new coal mines with a high gas danger and a capacity below 300,000 tons in an effort to reduce deaths a further 20% by 2010.",Coal power in the People's Republic of China,https://en.wikipedia.org/wiki/Coal_power_in_the_People's_Republic_of_China
129,We should abandon coal mining,"In this case, the court upheld a Pennsylvania statute which limited coal mining causing damage to buildings, dwellings and cemeteries through subsidence.",Keystone Bituminous Coal Ass'n v. DeBenedictis,https://en.wikipedia.org/wiki/Keystone_Bituminous_Coal_Ass'n_v._DeBenedictis
130,We should abandon coal mining,At Moronbah North coal mine a 45 MW power station generates base load power and reduces greenhouse gas emissions [REF].,Energy in Queensland,https://en.wikipedia.org/wiki/Energy_in_Queensland
131,We should abandon coal mining,Coal mining historically provided a major force in the local economy of Northern KwaZulu Natal.,Abaqulusi Local Municipality,https://en.wikipedia.org/wiki/Abaqulusi_Local_Municipality
132,We should abandon coal mining,"In early 2007 a United States academic claimed that coal mining in the region triggered the earthquake, although earthquake activity has been present in the area at least since white settlement first occurred [REF].",1989 Newcastle earthquake,https://en.wikipedia.org/wiki/1989_Newcastle_earthquake
133,We should abandon coal mining,The report concluded that residents of coal mining regions would be best served by transitioning away from economic dependence on coal [REF].,Sierra Club,https://en.wikipedia.org/wiki/Sierra_Club
134,We should abandon coal mining,"In another such case, a group of citizens known as Coal Watch, used funding from West Coast Environmental Law, to oppose a proposed coal mine located in Baynes Sound in Vancouver Island[REF].",West Coast Environmental Law,https://en.wikipedia.org/wiki/West_Coast_Environmental_Law
135,We should abandon coal mining,"Historically, coal mining has been a very dangerous activity and the list of historical coal mining disasters is a long one.",Coal mining,https://en.wikipedia.org/wiki/Coal_mining
136,We should abandon coal mining,In addition to the environmentally and in human health respect harmful emissions of coal the coal mining was also dangerous work in Russia in 2008.,Climate change in Russia,https://en.wikipedia.org/wiki/Climate_change_in_Russia
137,We should increase gun control,"On March 9, 2007, a U.S. Appeals Court ruled the Washington, D.C. handgun ban unconstitutional [REF].",Gun violence in the United States,https://en.wikipedia.org/wiki/Gun_violence_in_the_United_States
138,We should increase gun control,"The National Rifle Association is opposed to such laws, and some groups have called for fewer gun control laws, citing cases of armed students ending shootings and halting further loss of life, and claiming that the prohibitions against carrying a gun in schools do not deter the gunmen [REF].",School shooting,https://en.wikipedia.org/wiki/School_shooting
139,We should increase gun control,"Specter strongly opposes most gun control, voting against the Brady Bill, background checks at gun shows, the ban on assault weapons, and trigger locks for handguns [REF].",Arlen Specter,https://en.wikipedia.org/wiki/Arlen_Specter
140,We should increase gun control,"Following the shootings at Columbine High School near Littleton, Colorado, Blades and Boyd launched a ""Gun Safety First"" petition to promote the ""common sense regulation of firearms,"" such as child safety standards for gun manufacturers and laws forcing gun-show operators to enact more-stringent background checks on buyers.",History of MoveOn.org,https://en.wikipedia.org/wiki/History_of_MoveOn.org
141,We should increase gun control,The court held that the city's 1976 handgun ban violates the Second Amendment right to gun ownership [REF].,District of Columbia home rule,https://en.wikipedia.org/wiki/District_of_Columbia_home_rule
142,We should increase gun control,Congresswoman Karen Bass is a very strong supporter of Gun Control.,Karen Bass,https://en.wikipedia.org/wiki/Karen_Bass
143,We should increase gun control,"Lou Dobbs is pro-choice, opposes gun control and, though he is a fiscal conservative, supports some government regulations, as revealed in a 60 Minutes interview [REF].",Lou Dobbs,https://en.wikipedia.org/wiki/Lou_Dobbs
144,We should increase gun control,Senator Shelby has supported several gun control measures put forth by Democrats including the 1991 Crime Bill S.1241[REF] sponsored by then Senator Joseph Biden that instituted a national waiting period for handgun purchases as well as a federal ban on semi-automatic firearms [REF].,Richard Shelby,https://en.wikipedia.org/wiki/Richard_Shelby
145,We should increase gun control,Musgrave strongly opposes gun control and successfully passed an amendment prohibiting the enforcement of a federal requirement to sell trigger locks with all handguns [REF].,Marilyn Musgrave,https://en.wikipedia.org/wiki/Marilyn_Musgrave
146,We should increase gun control,"Instead, Leo approaches an African American congressman with an appeal that the gun ban will save African American lives.",Five Votes Down,https://en.wikipedia.org/wiki/Five_Votes_Down
147,We should increase gun control,"On March 5, 2012, a U.S. District Judge found the Maryland Gun Law unconstitutional [REF].",Concealed carry in the United States,https://en.wikipedia.org/wiki/Concealed_carry_in_the_United_States
148,We should increase gun control,"While in the U.S. Senate, Obama has supported several gun control measures, including restricting the purchase of firearms at gun shows and the reauthorization of the Federal Assault Weapons Ban [REF].",Barack Obama social policy,https://en.wikipedia.org/wiki/Barack_Obama_social_policy
149,We should increase gun control,The organization of mayors supports gun control and is especially strong on the advocacy to abolish the Tiahrt Amendment.,Mayoralty of Gavin Newsom,https://en.wikipedia.org/wiki/Mayoralty_of_Gavin_Newsom
150,We should increase gun control,"On June 26, 2008, the Supreme Court of the United States held in District of Columbia v. Heller that the city's 1976 handgun ban violated the Second Amendment right to gun ownership [REF].","Washington, D.C.","https://en.wikipedia.org/wiki/Washington,_D.C."
151,We should increase gun control,"McConnell has supported several gun control measures put forth by Democrats, including the 1991 Crime Bill S.1241 (see U.S. Senate Roll Call Vote here) sponsored by then senator Joseph Biden, that instituted a national waiting period for handgun purchases as well as a federal ban on semi-automatic firearms [REF].",Mitch McConnell,https://en.wikipedia.org/wiki/Mitch_McConnell
152,We should increase gun control,"Bartolucci and Attorney General Chris Bentley appealed to the federal government to introduce stricter gun control legislation in March 2008, including a ban on handguns.",Rick Bartolucci,https://en.wikipedia.org/wiki/Rick_Bartolucci
153,We should increase gun control,"Although the Brazilian Government, the Catholic Church, and the United Nations, argued in favor of a gun ban, it was argued successfully that guns are needed for personal security [REF].",Gun politics in Brazil,https://en.wikipedia.org/wiki/Gun_politics_in_Brazil
154,We should increase gun control,Rep. Engel repeatedly votes in favor of stricter gun control laws.,Eliot Engel,https://en.wikipedia.org/wiki/Eliot_Engel
155,We should increase gun control,"Like many Southern Democrats, Goode strongly opposed abortion and gun control and vigorously supported the tobacco industry.",Virgil Goode,https://en.wikipedia.org/wiki/Virgil_Goode
156,We should increase gun control,"Regarding the Second Amendment, Coburn believes that it ""recognizes the right of individual, law-abiding citizens to own and use firearms,"" and he opposes ""any and all efforts to mandate gun control on law-abiding citizens.""[REF]",Tom Coburn,https://en.wikipedia.org/wiki/Tom_Coburn
157,We should increase gun control,"On multiple occasions, Senator Coats supported gun control measures.",Dan Coats,https://en.wikipedia.org/wiki/Dan_Coats
158,We should increase gun control,"Like many Pennsylvania Democrats from outside Philadelphia and Pittsburgh, Kanjorski opposes gun control.",Paul E. Kanjorski,https://en.wikipedia.org/wiki/Paul_E._Kanjorski
159,We should increase gun control,"Through a spokeswoman, Kennedy said that she supports legislation legalizing same-sex marriage, is pro-choice, is a strong supporter of gun control, opposes the death penalty,[REF] and favors restoring the Federal Assault Weapons Ban, which expired in 2004 [REF].",Caroline Kennedy,https://en.wikipedia.org/wiki/Caroline_Kennedy
160,We should increase gun control,"McKinney supports strict gun control on all people who may be a danger to society, which may even include police officers and government officials [REF].",Political positions of Cynthia McKinney,https://en.wikipedia.org/wiki/Political_positions_of_Cynthia_McKinney
161,We should increase gun control,Zinga opposes gun control and strongly supports the American effort in Iraq in the context of the larger war on terrorism.,Andrea Zinga,https://en.wikipedia.org/wiki/Andrea_Zinga
162,We should increase gun control,"Greene supported stricter firearms controls, and announced plans to introduce a bill creating a national firearms registry in late 1991.",Barbara Greene,https://en.wikipedia.org/wiki/Barbara_Greene
163,We should increase gun control,"In his book Private Guns, Public Health, David Hemenway makes the argument in favor of gun control and he provides evidence for the more guns, more gun violence and suicide hypothesis.",Political arguments of gun politics in the United States,https://en.wikipedia.org/wiki/Political_arguments_of_gun_politics_in_the_United_States
164,We should increase gun control,"Tsongas is also a supporter of stricter gun regulation and voted against the National Right-to-Carry Reciprocity Act of 2011[REF] and received a 100 percent rating from the Brady Campaign, a non-profit organization that promotes stricter gun regulation laws.",Niki Tsongas,https://en.wikipedia.org/wiki/Niki_Tsongas
165,We should increase gun control,"In a 1995 interview, John Trochmann stated, ""Gun control is people control,"" and MOM claimed to have more than 12,000 members trained in guerilla warfare, survivalist techniques, and other unconventional tactics in preparation for withstanding the perceived federal government onslaught to seize their weapons presaged by the Waco Siege [REF].",Militia of Montana,https://en.wikipedia.org/wiki/Militia_of_Montana
166,We should increase gun control,"Several PSR chapters are also active in the gun control movement, working to ban handguns in the United States [REF].",Physicians for Social Responsibility,https://en.wikipedia.org/wiki/Physicians_for_Social_Responsibility
167,We should increase gun control,"The NRA opposes most new gun-control legislation, calling instead for stricter enforcement of existing laws such as prohibiting convicted felons and violent criminals from possessing firearms and increased sentencing for gun-related crimes.",National Rifle Association,https://en.wikipedia.org/wiki/National_Rifle_Association
168,We should increase gun control,Both Snowe and fellow Maine Senator Susan Collins have embraced strong gun control measures following the Columbine High School shooting in 1999.,Olympia Snowe,https://en.wikipedia.org/wiki/Olympia_Snowe
169,We should increase gun control,"Following the Columbine school shootings on the morning of April 20, 1999, demand for more gun control measures increased, including calls for restrictions on gun shows, child access prevention laws mandating the locking up of guns, and bans on assault weapons.",Gun violence and gun control in Texas,https://en.wikipedia.org/wiki/Gun_violence_and_gun_control_in_Texas
170,We should increase gun control,"According to a 2000 Zogby poll, 52% of Arab Americans are pro-life, 74% support the death penalty, 76% are in favor of stricter gun control, and 86% want to see an independent Palestinian state [REF].",Arab American,https://en.wikipedia.org/wiki/Arab_American
171,We should increase gun control,"Chris Cox, executive director of the NRA's Institute for Legislative Action, had indicated support of federal legislation which would repeal the D.C. gun ban.",District of Columbia v. Heller,https://en.wikipedia.org/wiki/District_of_Columbia_v._Heller
172,We should increase gun control,"The Sporting Shooters Association of Australia states that there is no evidence that gun control restrictions in 1987, 1996 and 2002 had any impact on the already established trends [REF].",Gun politics in Australia,https://en.wikipedia.org/wiki/Gun_politics_in_Australia
173,We should increase gun control,Sestak supports gun control and has a 100% rating from the Brady Campaign to Prevent Gun Violence[REF] and an F rating from the National Rifle Association [REF].,Joe Sestak,https://en.wikipedia.org/wiki/Joe_Sestak
174,We should increase gun control,"Halbrook did clarify in the first sentences of his article that, ""Gun control laws are depicted as benign and historically progressive.",Jews for the Preservation of Firearms Ownership,https://en.wikipedia.org/wiki/Jews_for_the_Preservation_of_Firearms_Ownership
175,We should increase gun control,"Scozzafava opposes gun control and has a lifetime ""A"" rating from the National Rifle Association [REF].",Dede Scozzafava,https://en.wikipedia.org/wiki/Dede_Scozzafava
176,We should increase gun control,"In April 2010, the constitutional law committee of the Finnish parliament said that more gun control is not necessary in Finland [REF].",Gun politics in Finland,https://en.wikipedia.org/wiki/Gun_politics_in_Finland
177,We should ban full-body scanners,came out in the Fall 2010 issue of the internationally distributed University of Denver Transportation Law Journal that argued that the full-body scanners are unconstitutional in the United States because they are (1) too invasive and (2) not effective enough because the process is too inefficient [REF].,Full body scanner,https://en.wikipedia.org/wiki/Full_body_scanner
178,We should ban full-body scanners,"In 2010, IHRC publicly advocated against the introduction of full body scanners at UK ports [REF].",Islamic Human Rights Commission,https://en.wikipedia.org/wiki/Islamic_Human_Rights_Commission
179,We should ban full-body scanners,"In March 2011, it was found that some of the full body scanners in the US were emitting 10 times the normal level of radiation:[REF][REF][REF] Contractors charged with routinely examining the scanners submitted reports containing discrepancies, including mathematical miscalculations showing that some of the devices emitted radiation levels 10 times higher than normal.. .",Full body scanner,https://en.wikipedia.org/wiki/Full_body_scanner
180,We should ban full-body scanners,TSA states that independent polling indicates that the U.S. public generally supports the deployment and use of body scanners at airports [REF].,Backscatter X-ray,https://en.wikipedia.org/wiki/Backscatter_X-ray
181,We should ban full-body scanners,"Christophe Naudin considers that the body scan (or full-body scanners) are a major step forward for passengers security, because it saves them to undress or to avoid an unpleasant palpation.",Christophe Naudin,https://en.wikipedia.org/wiki/Christophe_Naudin
182,We should ban full-body scanners,"Opponents of backscatter x-ray scanners, including the head of the center for radiological research at Columbia University, say that the radiation emitted by some full-body scanners is as much as 20 times stronger than officially reported and is not safe to use on large numbers of persons because of an increased risk of cancer to children and at-risk populations [REF].",Full body scanner,https://en.wikipedia.org/wiki/Full_body_scanner
183,We should ban full-body scanners,Opponents of full-body scanners cite these incidents as examples of how radiation-based scanning machines can overdose people with radiation despite all safety precautions [REF].,Full body scanner,https://en.wikipedia.org/wiki/Full_body_scanner
184,We should ban full-body scanners,"John Sedat, the principal author of the UCSF letter, responded in November 2010 that the White House's claim that full-body scanners pose no health risks to air travelers is in ""error,"" adding that the White House statement has ""many misconceptions, and we will write a careful answer pointing out their errors.""[REF] .",Backscatter X-ray,https://en.wikipedia.org/wiki/Backscatter_X-ray
185,We should ban full-body scanners,Unions for airline pilots working for American Airlines and US Airways have urged pilots to avoid the full body scanners [REF].,Full body scanner,https://en.wikipedia.org/wiki/Full_body_scanner
186,We should ban full-body scanners,The Fiqh Council of North America have also issued the following fatwa in relation to full-body scanners: It is a violation of clear Islamic teachings that men or women be seen naked by other men and women.,Backscatter X-ray,https://en.wikipedia.org/wiki/Backscatter_X-ray
187,We should ban full-body scanners,"Dr. Steve Smith, inventor of the body scanner in 1991, and president of Tek84, one of the companies that that produces the machines, has stated that the concerns of Dr. Brenner and UCSF Scientists regarding the skin dose of backscatter scanners is incorrect.",Full body scanner,https://en.wikipedia.org/wiki/Full_body_scanner
188,We should ban full-body scanners,"The Italian government had planned to install full-body scanners at all airport and train stations throughout the country,[REF] but announced in September 2010 plans to remove the scanners from airports, calling them ""slow and ineffective.""[REF] .",Full body scanner,https://en.wikipedia.org/wiki/Full_body_scanner
189,We should ban full-body scanners,"Michael Chertoff has been an advocate of enhanced technologies, such as full body scanners [REF].",Michael Chertoff,https://en.wikipedia.org/wiki/Michael_Chertoff
190,We should ban full-body scanners,"Opponents of full-body scanners claim that the technology is ineffective for multiple reasons, including that the scanners can easily be bypassed: A study published in the November edition of the Journal of Transportation Security suggested terrorists might fool the Rapiscan machines and others like it employing the X-ray ""backscatter"" technique.",Full body scanner,https://en.wikipedia.org/wiki/Full_body_scanner
191,We should ban full-body scanners,The US Government has also hinted at the possibility of deploying the full body scanners at train stations and subways [REF].,Full body scanner,https://en.wikipedia.org/wiki/Full_body_scanner
192,We should ban full-body scanners,The National Human Rights Commission of Korea opposes the use of full-body scanners and has recommended that they are not deployed at airports [REF].,Full body scanner,https://en.wikipedia.org/wiki/Full_body_scanner
193,We should ban full-body scanners,"In relation to Khan's comments, The Economic Times has also raised concerns over the new body scanners and the possibilities of it being abused to distribute naked pictures of celebrities [REF].",My Name Is Khan,https://en.wikipedia.org/wiki/My_Name_Is_Khan
194,We should ban full-body scanners,Opponents in the US argue that full body scanners and the new TSA patdowns are unconstitutional [REF].,Full body scanner,https://en.wikipedia.org/wiki/Full_body_scanner
195,We should ban full-body scanners,"In the UK, the Equality and Human Rights Commission has argued that full-body scanners are a risk to human rights and may be breaking the law [REF].",Full body scanner,https://en.wikipedia.org/wiki/Full_body_scanner
196,We should ban full-body scanners,EPIC claims that the full-body scanners violate the Fourth Amendment to the United States Constitution because they subject citizens to virtual strip searches without any evidence of wrongdoing [REF].,Full body scanner,https://en.wikipedia.org/wiki/Full_body_scanner
197,We should ban full-body scanners,"In Idaho a bill has been introduced to prevent the use of full-body scanners as a primary screening method, and to allow people to request alternative screening methods:[REF] .",Full body scanner,https://en.wikipedia.org/wiki/Full_body_scanner
198,We should end development aid,"The Bush administration has stated its belief that development aid works better in countries with good economic policies, such as free markets and low corruption.",Millennium Challenge Corporation,https://en.wikipedia.org/wiki/Millennium_Challenge_Corporation
199,We should end development aid,Many econometric studies in recent years have supported the view that development aid has no effect on the speed with which countries develop.,Development aid,https://en.wikipedia.org/wiki/Development_aid
200,We should end development aid,"Consistent with the call in the Monterrey Consensus for a ""global information campaign"", the Millennium Campaign aims to increase support for development assistance, trade opportunities, debt relief, technology transfer and other support needed to achieve the MDGs and, in the process, encourage the emergence of broad, self-sustaining and pragmatic coalitions of partners for action on the MDGs.",United Nations Millennium Campaign,https://en.wikipedia.org/wiki/United_Nations_Millennium_Campaign
201,We should end development aid,Japan has continued to extend significant support to development and technical assistance projects in Latin America [REF].,Foreign relations of Japan,https://en.wikipedia.org/wiki/Foreign_relations_of_Japan
202,We should adopt mobile payments,"In October 2007, Western Union announced plans to introduce a mobile money transfer service with the GSM Association, a global trade association representing more than 700 mobile operators in 218 countries and covering 2.5 billion mobile subscribers.",Western Union,https://en.wikipedia.org/wiki/Western_Union
203,We should adopt mobile payments,"Financial institutions and credit card companies[REF] as well as Internet companies such as Google[REF] and a number of mobile communication companies, such as mobile network operators and major telecommunications infrastructure and handset multinationals such as Ericsson[REF][REF] have implemented mobile payment solutions.",Mobile payment,https://en.wikipedia.org/wiki/Mobile_payment
204,We should abolish temporary employment,"In the 1990s under the socialist government in Spain, temporary work was outlawed as an incursion on worker's rights.",Temporary work,https://en.wikipedia.org/wiki/Temporary_work
205,We should abandon online dating services,Boundless also recommends online dating as one of the ways Christian singles can find a potential spouse [REF].,Focus on the Family,https://en.wikipedia.org/wiki/Focus_on_the_Family
206,We should abandon online dating services,The United States generated $957 million in revenue in 2008 from online dating services[REF] The U.S. online dating market is expected to increase spending to $932 million in 2011 [REF].,Online dating service,https://en.wikipedia.org/wiki/Online_dating_service
207,We should abandon online dating services,Gay Dating Websites have been linked to an elevation of risk for acquiring HIV and other STI's when compared to other methods of meeting partners [REF].,GayRomeo,https://en.wikipedia.org/wiki/GayRomeo
208,We should abandon online dating services,The report suggested most people had positive experiences with online dating websites and felt they were excellent ways to meet more people [REF].,Dating,https://en.wikipedia.org/wiki/Dating
209,We should abandon online dating services,Dev suggested that dating websites were much better than the anonymous chatrooms of the 1990s [REF].,Dating,https://en.wikipedia.org/wiki/Dating
210,We should abandon online dating services,The survey suggests that internet dating and subsequent unsafe sexual activity poses psychological and mental damages to teenagers.,Youth Outreach,https://en.wikipedia.org/wiki/Youth_Outreach
211,We should legalize organ trade,"In a 2004 journal article Economist Alex Tabarrok argues that allowing organ sales, and elimination of organ donor lists will increase supply, lower costs and diminish social anxiety towards organ markets [REF].",Organ transplantation,https://en.wikipedia.org/wiki/Organ_transplantation
212,We should legalize organ trade,"In addition, the law criminalizes organ trafficking, receiving compensation for organs, or acting as an organ broker [REF].",Organ transplantation in Israel,https://en.wikipedia.org/wiki/Organ_transplantation_in_Israel
213,We should legalize organ trade,"The Declaration emphasizes that organ trafficking and transplant tourism should be prohibited because they violate the principles of equity, justice and respect for human dignity.",Declaration of Istanbul,https://en.wikipedia.org/wiki/Declaration_of_Istanbul
214,We should legalize organ trade,Tabarrok concluded his study suggesting that gradual elimination of organ donation restrictions and move to a free market in organ sales will increase supply of organs and encourage broader social acceptance of organ donation as a practice.,Organ transplantation,https://en.wikipedia.org/wiki/Organ_transplantation
215,We should legalize organ trade,"In the United States, The National Organ Transplant Act of 1984 made organ sales illegal.",Organ transplantation,https://en.wikipedia.org/wiki/Organ_transplantation
216,We should legalize cannabis,"A 25 year longitudinal study of 1000 people concluded that ""regular or heavy cannabis use was associated with an increased risk of using other illicit drugs, abusing or becoming dependent upon other illicit drugs, and using a wider variety of other illicit drugs"" [REF].",Cannabis in New Zealand,https://en.wikipedia.org/wiki/Cannabis_in_New_Zealand
217,We should legalize cannabis,"In 2006 a study by Hashibe, Morgenstern, Cui, Tashkin, et al. suggested that smoking cannabis does not, by itself, increase the risk of lung cancer.",Medical cannabis,https://en.wikipedia.org/wiki/Medical_cannabis
218,We should legalize cannabis,"Cannabis has been correlated with the development of various mental disorders in multiple studies, for example a recent 10 year study on 1923 individuals from the general population in Germany, aged 14-24, concluded that cannabis use is a risk factor for the development of incident psychotic symptoms.",Effects of cannabis,https://en.wikipedia.org/wiki/Effects_of_cannabis
219,We should legalize cannabis,Proposition P made it the policy of the City of San Francisco to recommend that the State of California and the California Medical Association make cannabis available for medicinal purposes and to protect physicians from penalties for prescribing medicinal cannabis [REF].,Brownie Mary,https://en.wikipedia.org/wiki/Brownie_Mary
220,We should legalize cannabis,"In 1974 Dr Robert DuPont, the White House drug czar, began to publicly support decriminalization of cannabis, seeing cannabis as a health problem.",Decriminalization of non-medical cannabis in the United States,https://en.wikipedia.org/wiki/Decriminalization_of_non-medical_cannabis_in_the_United_States
221,We should legalize cannabis,The Drug Enforcement Agency has reported that cannabis sales and trafficking support violent criminal gangs [REF].,Decriminalization of non-medical cannabis in the United States,https://en.wikipedia.org/wiki/Decriminalization_of_non-medical_cannabis_in_the_United_States
222,We should legalize cannabis,Clinical studies and survey data have found that cannabis increases food enjoyment and interest in food [REF].,Effects of cannabis,https://en.wikipedia.org/wiki/Effects_of_cannabis
223,We should legalize cannabis,"Psychopharmacologist David Nutt argues, though he is against full declassification, that the harm caused by cannabis is far less than that caused by alcohol or tobacco, which, if they were invented today ""would be illegal."" .",Decriminalization of non-medical cannabis in the United States,https://en.wikipedia.org/wiki/Decriminalization_of_non-medical_cannabis_in_the_United_States
224,We should legalize cannabis,"The report, entitled ""Marijuana: A Signal of Misunderstanding,"" reviewed existing cannabis studies and concluded that cannabis does not cause physical addiction [REF].",Decriminalization of non-medical cannabis in the United States,https://en.wikipedia.org/wiki/Decriminalization_of_non-medical_cannabis_in_the_United_States
225,We should legalize cannabis,"A study conducted by the Fred Hutchinson Cancer Research Center and funded by the National Institutes of Health, published in the journal Cancer March 15, 2009, linked long-term use of cannabis to an increased risk of 70 percent for testicular cancer with the scientists concluding that cannabis is harmful to the human endocrine and reproductive system.",Long-term effects of cannabis,https://en.wikipedia.org/wiki/Long-term_effects_of_cannabis
226,We should legalize cannabis,"A study conducted by the Fred Hutchinson Cancer Research Center and funded by the National Institutes of Health, published in the journal Cancer March 15, 2009, linked long term use of cannabis to an increased risk of 70 percent for testicular cancer with the scientists concluding that cannabis is harmful to the human endocrine and reproductive system [REF].",Effects of cannabis,https://en.wikipedia.org/wiki/Effects_of_cannabis
227,We should legalize cannabis,The researchers conclude there is emerging evidence that positive experiences to early cannabis use are a significant predictor of late dependence and that genetic predisposition plays a role in the development of problematic use.,Cannabis dependence,https://en.wikipedia.org/wiki/Cannabis_dependence
228,We should legalize cannabis,"The BEACH[REF] study (Bettering the Evaluation and Care of Health) conducted by the Australian General Practice Statistics and Classification Centre, based at the University of Sydney, found that ""cannabis smokers are more likely to suffer depression, anxiety and psychosis"".",Long-term effects of cannabis,https://en.wikipedia.org/wiki/Long-term_effects_of_cannabis
229,We should legalize cannabis,A poll conducted by The Mercury in October 2011 showed that 71% of Australians want Cannabis legalised [REF].,Cannabis in Australia,https://en.wikipedia.org/wiki/Cannabis_in_Australia
230,We should legalize cannabis,A study by Complutense University of Madrid found the chemicals in cannabis promote the death of brain cancer cells by essentially helping them feed upon themselves in a process called autophagy.,Medical cannabis,https://en.wikipedia.org/wiki/Medical_cannabis
231,We should legalize cannabis,"The lead author of the study, Professor David Fergusson, stated that ""the regular use of cannabis increases the risks that young people will try other illicit drugs.",Cannabis in New Zealand,https://en.wikipedia.org/wiki/Cannabis_in_New_Zealand
232,We should legalize cannabis,"The Drug Enforcement Administration (DEA) has claimed that cannabis leads to increased crime in the un-sourced pamphlet entitled ""Speaking Out Against Drug Legalization.""[REF] .",Decriminalization of non-medical cannabis in the United States,https://en.wikipedia.org/wiki/Decriminalization_of_non-medical_cannabis_in_the_United_States
233,We should legalize cannabis,Evidence suggests that cannabis users can develop tolerance to the effects of THC and experience withdrawal symptoms.,Cannabis dependence,https://en.wikipedia.org/wiki/Cannabis_dependence
234,We should legalize cannabis,The study reported that smoking both tobacco and cannabis synergistically increased the risk of respiratory symptoms and COPD.,Medical cannabis,https://en.wikipedia.org/wiki/Medical_cannabis
235,We should legalize cannabis,"For example, a review of the evidence by Louise Arsenault, et al., in 2004 reports that on an individual level, cannabis use confers an overall twofold increase in the relative risk of later schizophrenia, assuming a causal relationship.",Long-term effects of cannabis,https://en.wikipedia.org/wiki/Long-term_effects_of_cannabis
236,We should legalize cannabis,"In their commentary, NCPIC state: ""While modest use may not lead to significant neurotoxicity, these results corroborate similar findings within the animal literature and indicate that heavy daily cannabis use over protracted periods exerts harmful effects on brain tissue and mental health"" [REF].",Long-term effects of cannabis,https://en.wikipedia.org/wiki/Long-term_effects_of_cannabis
237,We should legalize cannabis,"""The long term consumption of cannabis in moderate doses has no harmful effects ( .. )Cannabis is less dangerous than the opiates, amphetamines and barbiturates, and also less dangerous than alcohol.",Wootton Report,https://en.wikipedia.org/wiki/Wootton_Report
238,We should legalize cannabis,The study also demonstrated a link between an increase in cannabis use and incidences of testicular cancer in men since the 1950s [REF].,Long-term effects of cannabis,https://en.wikipedia.org/wiki/Long-term_effects_of_cannabis
239,We should legalize cannabis,Researchers from the University of British Columbia presented a study at the American Thoracic Society 2007 International Conference showing that smoking cannabis and tobacco together more than tripled the risk of developing COPD over just smoking tobacco alone.[REF],Medical cannabis,https://en.wikipedia.org/wiki/Medical_cannabis
240,We should legalize cannabis,"Since the early 20th century cannabis has been subject to legal restrictions with the possession, use, and sale of cannabis preparations containing psychoactive cannabinoids currently illegal in most countries of the world; the United Nations has said that cannabis is the most used illicit drug in the world [REF].",Cannabis (drug),https://en.wikipedia.org/wiki/Cannabis_(drug)
241,We should legalize cannabis,"In his petition, Gettman also argues that cannabis is an acceptably safe medication.",Removal of cannabis from Schedule I of the Controlled Substances Act,https://en.wikipedia.org/wiki/Removal_of_cannabis_from_Schedule_I_of_the_Controlled_Substances_Act
242,We should legalize cannabis,A recent study finds that inhaled cannabis is effective in alleviating neuropathy and pain resulting from e.g.,Analgesic,https://en.wikipedia.org/wiki/Analgesic
243,We should legalize cannabis,Cannabis also has been shown to have a synergistic cytotoxic effect on lung cancer cell cultures in vitro with the food additive butylated hydroxyanisole (BHA) and possibly the related compound butylated hydroxytoluene (BHT).,Effects of cannabis,https://en.wikipedia.org/wiki/Effects_of_cannabis
244,We should legalize cannabis,"According to the UK medical journal The Lancet, Cannabis has a lower rate of dependence compared to both nicotine and alcohol [REF].",Cannabis,https://en.wikipedia.org/wiki/Cannabis
245,We should legalize cannabis,The DPA believes that cannabis should be legal for medicinal purposes of severely ill individuals.,Drug Policy Alliance,https://en.wikipedia.org/wiki/Drug_Policy_Alliance
246,We should legalize cannabis,"Writing in the Canadian Medical Association Journal, smoking cannabis from a pipe may significantly relieve chronic pain in patients with damaged nerves [REF].",Cannabis,https://en.wikipedia.org/wiki/Cannabis
247,We should legalize cannabis,A national telephone survey conducted in 1993 found that between 52% and 55% of Australians believed that growing and possessing cannabis for personal use should be legalised [REF].,Arguments for and against drug prohibition,https://en.wikipedia.org/wiki/Arguments_for_and_against_drug_prohibition
248,We should legalize cannabis,"Proponents of fully decriminalizing cannabis to allow the regulated cultivation and sale of cannabis, including Law Enforcement Against Prohibition, argue that fully decriminalizing cannabis would largely decrease financial gains earned by gangs in black market cannabis sales and trafficking [REF].",Decriminalization of non-medical cannabis in the United States,https://en.wikipedia.org/wiki/Decriminalization_of_non-medical_cannabis_in_the_United_States
249,We should legalize cannabis,"Controlled research on treating Tourette syndrome with a synthetic version of tetrahydrocannabinol, (brand name Marinol) (the main psychoactive chemical found in cannabis), showed the patients taking Marinol had a beneficial response without serious adverse effects;[REF][REF] other studies have shown that cannabis ""has no effects on tics and increases the individuals inner tension"" [REF].",Medical cannabis,https://en.wikipedia.org/wiki/Medical_cannabis
250,We should legalize cannabis,"Citing more potent strains and increased ""cannabis-related health damage"", Mr. Costa proclaimed that ""the harmful characteristics of cannabis are no longer that different from those of other plant-based drugs such as cocaine and heroin.""[REF]",Antonio Maria Costa,https://en.wikipedia.org/wiki/Antonio_Maria_Costa
251,We should legalize cannabis,"In recent years, Copenhagen Municipality has been in favor of legalizing cannabis via state-run coffee-shops, in order to take over the control of the substance which is currently mostly supplied by criminal gangs [REF].",Legality of cannabis,https://en.wikipedia.org/wiki/Legality_of_cannabis
252,We should legalize cannabis,"Francis L. Young, an administrative law judge with the United States Drug Enforcement Agency declared in 1988 that, ""in its natural form, [cannabis] is one of the safest therapeutically active substances known.""[REF]",Medical cannabis in the United States,https://en.wikipedia.org/wiki/Medical_cannabis_in_the_United_States
253,We should legalize cannabis,"Clinical trials conducted by the American Marijuana Policy Project, have shown the efficacy of cannabis as a treatment for cancer and AIDS patients, who often suffer from clinical depression, and from nausea and resulting weight loss due to chemotherapy and other aggressive treatments [REF].",Cannabis,https://en.wikipedia.org/wiki/Cannabis
254,We should legalize cannabis,A recent study has also concluded that cannabinoids found in Cannabis might have the ability to prevent Alzheimer's disease [REF].,Cannabis,https://en.wikipedia.org/wiki/Cannabis
255,We should legalize cannabis,"Gonzales v. Raich, 2005 ruled in a 6-3 decision that the Commerce Clause of the United States Constitution allowed the federal government to ban the use of cannabis, including medical use.",Decriminalization of non-medical cannabis in the United States,https://en.wikipedia.org/wiki/Decriminalization_of_non-medical_cannabis_in_the_United_States
256,We should legalize cannabis,"In 2001, a report by David Boyum and Mark Kleiman entitled ""Substance Abuse Policy from a Crime-Control Perspective"" found the ""high"" from cannabis is unlikely to trigger violence and concluded:[REF] .",Decriminalization of non-medical cannabis in the United States,https://en.wikipedia.org/wiki/Decriminalization_of_non-medical_cannabis_in_the_United_States
257,We should legalize cannabis,"Moreover, a 2005 meta-analysis found that cannabis use is a significant independent risk factor for developing psychotic symptoms and psychosis [REF].",Schizoaffective disorder,https://en.wikipedia.org/wiki/Schizoaffective_disorder
258,We should legalize cannabis,"According to a 2006 United Kingdom government report, using cannabis is much less dangerous than tobacco, prescription drugs, and alcohol in social harms, physical harm, and addiction [REF].",Effects of cannabis,https://en.wikipedia.org/wiki/Effects_of_cannabis
259,We should legalize cannabis,"In November 2009: Professor David Nutt was asked to resign from his position as chairman of the Government's Advisory Council on the Misuse of Drugs by the then Home Secretary (Alan Johnson), after publishing in a professional journal figures which indicated that cannabis was less harmful than both alcohol and tobacco [REF].",Legality of cannabis,https://en.wikipedia.org/wiki/Legality_of_cannabis
260,We should legalize cannabis,"A 10 year study on 1923 individuals from the general population in Germany, aged 14-24, concluded that cannabis use is a risk factor for the development of incident psychotic symptoms.",Medical cannabis,https://en.wikipedia.org/wiki/Medical_cannabis
261,We should legalize cannabis,"A large, unselected population-based study, published in British Journal of Psychiatry (2008), examined cannabis use and prodromal symptoms of psychosis at age 15-16 years and concluded that cannabis use was associated with prodromal symptoms of psychosis in adolescence [REF].",Long-term effects of cannabis,https://en.wikipedia.org/wiki/Long-term_effects_of_cannabis
262,We should legalize cannabis,A 2007 study of studies published in the Lancet concluded that cannabis users are 40% more likely to be sufferers of a psychotic illness than non-users [REF].,Long-term effects of cannabis,https://en.wikipedia.org/wiki/Long-term_effects_of_cannabis
263,We should legalize cannabis,"A 2008 study suggested that long-term, heavy cannabis use (over five joints daily for more than ten years) are associated with structural abnormalities in the hippocampus and amygdala areas of the brain [REF].",Long-term effects of cannabis,https://en.wikipedia.org/wiki/Long-term_effects_of_cannabis
264,We should legalize cannabis,"Surprisingly, an extensive study published in 2006 by Donald Tashkin of the University of California, Los Angeles found that there is no significant link between smoking cannabis and lung cancer [REF].",Cannabis-associated respiratory disease,https://en.wikipedia.org/wiki/Cannabis-associated_respiratory_disease
265,We should legalize cannabis,Some studies have suggested that cannabis users have a greater risk of developing psychosis than non-users.,Tetrahydrocannabinol,https://en.wikipedia.org/wiki/Tetrahydrocannabinol
266,We should legalize cannabis,"Canada, Spain, The Netherlands and Austria have legalized some form of cannabis for medicinal use [REF].",Cannabis (drug),https://en.wikipedia.org/wiki/Cannabis_(drug)
267,We should legalize cannabis,"In 1997, the Connecticut Law Revision Commission examined states that had decriminalized cannabis and found decriminalizing small amounts of cannabis has no effect on subsequent use of alcohol or ""harder"" illicit drugs.",Decriminalization of non-medical cannabis in the United States,https://en.wikipedia.org/wiki/Decriminalization_of_non-medical_cannabis_in_the_United_States
268,We should legalize cannabis,A study of twins by researchers at Virginia Commonwealth University showed that cannabis use in adolescence strongly predicted later use of multiple drugs.,Long-term effects of cannabis,https://en.wikipedia.org/wiki/Long-term_effects_of_cannabis
269,We should legalize cannabis,Smaller studies have implicated cannabis use in the development of bladder cancer [REF] and testicular germ cell tumors [REF].,Cannabis smoking,https://en.wikipedia.org/wiki/Cannabis_smoking
270,We should legalize cannabis,"Gonzales v. Raich (2005) held in a 6-3 decision that the Commerce Clause of the United States Constitution allowed the federal government to ban the use of cannabis, including medical use even if local laws allow it.",Places that have decriminalized non-medical cannabis in the United States,https://en.wikipedia.org/wiki/Places_that_have_decriminalized_non-medical_cannabis_in_the_United_States
271,We should legalize cannabis,"Medicine since 1999 recognized the prescription of therapeutic cannabis to cover the care according to the broadest scope of diseases for which there can be recognized: fibromyalgia, cancer, HIV / AIDS, neurological disorders, multiple sclerosis, of asthma and glaucoma, as well as post-traumatic stress.",Medical cannabis,https://en.wikipedia.org/wiki/Medical_cannabis
272,We should legalize cannabis,"In 2001, the New Mexico state-commissioned Drug Policy Advisory Group stated that decriminalizing cannabis ""will result in greater availability of resources to respond to more serious crimes without any increased risks to public safety.""[REF] .",Decriminalization of non-medical cannabis in the United States,https://en.wikipedia.org/wiki/Decriminalization_of_non-medical_cannabis_in_the_United_States
273,We should legalize cannabis,"The survey results found that cannabis was moderately effective in reducing symptoms of appetite loss, depression, pain, spasticity, drooling and weakness and the longest relief reported was for depression.",Medical cannabis,https://en.wikipedia.org/wiki/Medical_cannabis
274,We should legalize cannabis,"On 23 May 2006, Donald Tashkin, M.D., Professor of Medicine at the David Geffen School of Medicine at UCLA in Los Angeles announced that the use of cannabis does not appear to increase the risk of developing lung cancer, or increase the risk of head and neck cancers, such as cancer of the tongue, mouth, throat, or esophagus [REF].",Cannabis-associated respiratory disease,https://en.wikipedia.org/wiki/Cannabis-associated_respiratory_disease
275,We should legalize cannabis,Case reports have found that Cannabis can relieve tics in people with obsessive compulsive disorder and Tourette syndrome.,Cannabis,https://en.wikipedia.org/wiki/Cannabis
276,We should legalize cannabis,Some studies have shown that use of cannabis results in the growth of new nerve cells in the hippocampus from both embryonic and adult stem cells.,Neurogenesis,https://en.wikipedia.org/wiki/Neurogenesis
277,We should legalize cannabis,"For example, a 2007 meta-analysis showed that cannabis use is statistically associated with a dose-dependent increase in risk of development of psychotic disorders, including schizoaffective disorder [REF].",Schizoaffective disorder,https://en.wikipedia.org/wiki/Schizoaffective_disorder
278,We should legalize cell phone use while driving,"In Florida, a proposed bill known as ""Heather's Law"" would ban all cell phone use while driving.",Texting while driving,https://en.wikipedia.org/wiki/Texting_while_driving
279,We should legalize cell phone use while driving,"Due to the number of accidents that are related to cell phone use while driving, some jurisdictions have made the use of a cell phone while driving illegal.",Mobile phones and driving safety,https://en.wikipedia.org/wiki/Mobile_phones_and_driving_safety
280,We should legalize cell phone use while driving,"One study on the subject of mobile phones and driving safety concluded that, after controlling for driving difficulty and time on task, drivers talking on a phone exhibited greater impairment than drivers who were suffering from alcohol intoxication [REF].",Driving,https://en.wikipedia.org/wiki/Driving
281,We should legalize cell phone use while driving,A number of countries ban all cell phone use while driving (talking and texting).,Texting while driving,https://en.wikipedia.org/wiki/Texting_while_driving
282,We should abolish the Olympic Games,"Although the Lil'wat branch of the St'at'imc Nation is a co-host of the games, a splinter group from the Seton band known as the St'at'imc of Sutikalh, who have also opposed the Cayoosh Ski Resort, fear the Olympics are bringing unwanted tourism and real estate sales to their territory [REF].",Concerns and controversies over the 2010 Winter Olympics,https://en.wikipedia.org/wiki/Concerns_and_controversies_over_the_2010_Winter_Olympics
283,Sex education should be mandatory,"Over 80% of polled parents agreed with the statement ""Sex education in school makes it easier for me to talk to my child about sexual issues,"" while under 17% agreed with the statement that their children were being exposed to ""subjects I don't think my child should be discussing.""",Education in the United States,https://en.wikipedia.org/wiki/Education_in_the_United_States
284,Sex education should be mandatory,"On strategies against AIDS, Catholic Documentation Information International published that in March 2009 the priest signed a document along with Cardinal Theodore Adrien Sarr, president of the Regional Conference of Bishops of French West Africa stating that ""It is a crime against mankind to deprive children, teen-agers and young people from the training needed for his mind to master the body and its impulses which is called sexual education.",Barthélemy Adoukonou,https://en.wikipedia.org/wiki/Barthélemy_Adoukonou
285,Sex education should be mandatory,"The letter protested against the lack of sufficient sex and relationships education in schools, and that the UK Youth Parliament believe that this has led to increasing teenage pregnancy.",UK Youth Parliament,https://en.wikipedia.org/wiki/UK_Youth_Parliament
286,Sex education should be mandatory,Clinton believes that the acceptance and availability of birth control and sex education will reduce unwanted pregnancies and the number of abortions.,Political positions of Hillary Rodham Clinton,https://en.wikipedia.org/wiki/Political_positions_of_Hillary_Rodham_Clinton
287,Sex education should be mandatory,"Many Western countries have instituted sex education programs, the main objective of which is to reduce such pregnancies and STDs.",Virginity,https://en.wikipedia.org/wiki/Virginity
288,Sex education should be mandatory,McCain is against federal funding of birth control and sex education; his opposition included a vote against spending $100 million to reduce teen pregnancy by education and contraceptives [REF].,Political positions of John McCain,https://en.wikipedia.org/wiki/Political_positions_of_John_McCain
289,Sex education should be mandatory,"According to SIECUS, the Sexuality Information and Education Council of the United States, 93% of adults they surveyed support sexuality education in high school and 84% support it in junior high school [REF].",Sex education,https://en.wikipedia.org/wiki/Sex_education
290,Sex education should be mandatory,"1990 IMIFAP develops its first program for parents, entitled ""Learning to be a Mom/Dad"" IMIFAP research shows that providing sexuality education programs before adolescents have sex increases the likelihood that they adopt safe sex practices.",Mexican Institute for Family and Population Research,https://en.wikipedia.org/wiki/Mexican_Institute_for_Family_and_Population_Research
291,Sex education should be mandatory,"As a supporter of orthodox Christian morality, Hitchens opposes sex education in schools.",Peter Hitchens,https://en.wikipedia.org/wiki/Peter_Hitchens
292,Sex education should be mandatory,"A recent American Psychological Association (APA) press release supported the inclusion of information about condoms in sex education, saying ""comprehensive sexuality education programs.. discuss the appropriate use of condoms"", and ""promote condom use for those who are sexually active.""[REF] .",Condom,https://en.wikipedia.org/wiki/Condom
293,Sex education should be mandatory,"In June 2011, Hitchens was booed by a Question Time audience when he said that sex education was causing teenage pregnancies and sexually transmitted diseases, asserting that sex education ""is actually all about taking away [children's] innocence.""",Peter Hitchens,https://en.wikipedia.org/wiki/Peter_Hitchens
294,Sex education should be mandatory,"Some international organizations such as Planned Parenthood consider that broad sex education programs have global benefits, such as controlling the risk of overpopulation and the advancement of women's rights (see also reproductive rights).",Sex education,https://en.wikipedia.org/wiki/Sex_education
295,Sex education should be mandatory,Palin supports sex education in public schools that encourage abstinence along with teaching about contraception [REF].,Sarah Palin,https://en.wikipedia.org/wiki/Sarah_Palin
296,Sex education should be mandatory,"The authorities believe that such liberalized sex education teaches youth how to obtain sexual gratification, which would encourage sexual abuse of underage children [REF].",Claude Vorilhon,https://en.wikipedia.org/wiki/Claude_Vorilhon
297,Sex education should be mandatory,"A report issued by the Department of Health and Human Services has found the ""most consistent and clear finding is that sex education does not cause adolescents to initiate sex when they would not otherwise have done so.""[REF]",Sex education in the United States,https://en.wikipedia.org/wiki/Sex_education_in_the_United_States
298,Sex education should be mandatory,"Lord Caradon was a well known supporter of Planned Parenthood, free contraceptives and sex education in schools [REF].",Margaret Sanger Awards,https://en.wikipedia.org/wiki/Margaret_Sanger_Awards
299,Sex education should be mandatory,"Public opinion polls conducted over the years have found that the majority of Americans favor broader sex education programs over those that teach only abstinence, although abstinence educators recently published poll data with the totally opposite conclusion [REF].",Adolescent sexuality in the United States,https://en.wikipedia.org/wiki/Adolescent_sexuality_in_the_United_States
300,Sex education should be mandatory,"In fact, 88% of parents of junior high school students and 80% of parents of high school students believe that sex education in school makes it easier for them to talk to their adolescents about sex [REF].",Sex education,https://en.wikipedia.org/wiki/Sex_education
301,Sex education should be mandatory,The program also promoted character and sex education as a means of preventing the spread of STIs.,American Social Health Association,https://en.wikipedia.org/wiki/American_Social_Health_Association
302,Sex education should be mandatory,"Given the premise that some adolescents are going to have sex, a harm-reductionist approach supports a sexual education which emphasizes the use of protective devices like condoms and dental dams to protect against unwanted pregnancy and the transmission of STIs.",Harm reduction,https://en.wikipedia.org/wiki/Harm_reduction
303,Sex education should be mandatory,"A coordinated program between UNDP, UNICEF, and the ministries of health and education promotes sexual education at a larger scale in rural areas and spreads awareness of the dangers of female genital cutting.",Sex education,https://en.wikipedia.org/wiki/Sex_education
304,Sex education should be mandatory,Advocates for reproductive justice believe in providing a comprehensive sexual education in schools.,Reproductive justice,https://en.wikipedia.org/wiki/Reproductive_justice
305,Sex education should be mandatory,"[REF] Planned Parenthood, which advocates family planning and sex education, argues that no studies have shown abstinence-only programs to result in delayed intercourse, and cites surveys showing that 76% of American parents want their children to receive comprehensive sexuality education including condom use.",Condom,https://en.wikipedia.org/wiki/Condom
306,Sex education should be mandatory,"Public opinion polls conducted over the years have found that the vast majority of Americans favor broader sex education programs over those that teach only abstinence, although abstinence educators recently published poll data with the opposite conclusion [REF].",Sex education,https://en.wikipedia.org/wiki/Sex_education
307,Sex education should be mandatory,"According to Schauer, the CWA's stance on sex education intends to teach children the ""dangers of sex outside of marriage and give them the tools to avoid promiscuity.""[REF] .",Concerned Women for America,https://en.wikipedia.org/wiki/Concerned_Women_for_America
308,Sex education should be mandatory,Some opponents of sex education in Catholic schools believe sex ed programs are doing more harm to the young than good.,Sex education,https://en.wikipedia.org/wiki/Sex_education
309,Sex education should be mandatory,"Over 80% of polled parents agreed with the statement ""Sex education in school makes it easier for me to talk to my child about sexual issues"", and under 17% agreed with the statement that their children were being exposed to ""subjects I don't think my child should be discussing"".",Sex education in the United States,https://en.wikipedia.org/wiki/Sex_education_in_the_United_States
310,Sex education should be mandatory,"The Family Council of Victoria also opposes sex-education and anti-homophobia policies in public schools, which it claims is ""pro-homosexual indoctrination"" of students [REF].",Kevin Andrews (Australian politician),https://en.wikipedia.org/wiki/Kevin_Andrews_(Australian_politician)
311,Sex education should be mandatory,The Democratic Party also strongly supports access to comprehensive affordable family planning services and age-appropriate sex education which empower people to make informed choices and live healthy lives.,Democrats for Life of America,https://en.wikipedia.org/wiki/Democrats_for_Life_of_America
312,Sex education should be mandatory,"In 2003 a Catholic church spokesman branded sex education as ""pornography"" and Cardinal O'Brien claimed plans to give sex education to pre-school children amounted to ""state-sponsored sexual abuse of minors.""[REF] .",Roman Catholicism in Scotland,https://en.wikipedia.org/wiki/Roman_Catholicism_in_Scotland
313,Sex education should be mandatory,"In February 2010, Archbishop Nichols was thanked by British education minister Ed Balls for supporting a sexual education bill which would require schools - including Catholic schools - to explain civil partnerships and, as Balls put it, give ""a balanced view on abortion.. give both sides of the argument.. explain how to access an abortion, the same is true on contraception as well.""",Vincent Nichols,https://en.wikipedia.org/wiki/Vincent_Nichols
314,Sex education should be mandatory,"In an attempt to reverse the increasing numbers of teenage pregnancies, governments in many Western countries have instituted sex education programs, the main objective of which is to reduce such pregnancies and STD's.",Teenage pregnancy,https://en.wikipedia.org/wiki/Teenage_pregnancy
315,We should abolish intellectual property rights,"Finally, US Secretary of Commerce Carlos Gutierrez declared that it would look at the law closely and support intellectual property rights, a comment widely interpreted to be supportive of Apple [REF].",DADVSI,https://en.wikipedia.org/wiki/DADVSI
316,We should abolish intellectual property rights,"Many people believe that intellectual property provides a temporary monopoly that protects the use or exploitation of that good, supported by legal enforcement mechanisms [REF].",Societal views on intellectual property,https://en.wikipedia.org/wiki/Societal_views_on_intellectual_property
317,We should abolish intellectual property rights,"In November 2008 the European Commission describes ACTA as an attempt to enforce intellectual property rights and states that countries involved in the negotiations see intellectual property rights as ""a key instrument for their development and innovation policies"".",Anti-Counterfeiting Trade Agreement,https://en.wikipedia.org/wiki/Anti-Counterfeiting_Trade_Agreement
318,We should abolish intellectual property rights,"WIPO was created in 1967 ""to encourage creative activity, to promote the protection of intellectual property throughout the world.""[REF] .",World Intellectual Property Organization,https://en.wikipedia.org/wiki/World_Intellectual_Property_Organization
319,We should abolish intellectual property rights,"First defining and then pointedly critiquing a prevalent ""if value, then right"" notion of creative property,[REF] Lessig emphasizes that American law recognizes intellectual property as an instrument [REF].",Free Culture (book),https://en.wikipedia.org/wiki/Free_Culture_(book)
320,We should abolish intellectual property rights,"The Anti-Counterfeiting Trade Agreement (ACTA) states that ""effective enforcement of intellectual property rights is critical to sustaining economic growth across all industries and globally"" [REF].",Intellectual property,https://en.wikipedia.org/wiki/Intellectual_property
321,We should abolish intellectual property rights,"The Jordan-U.S. FTA also includes several provisions that promote intellectual property rights, environmental protection laws, labor rights, and electronic commerce.",Jordan Economic and Commerce Bureau,https://en.wikipedia.org/wiki/Jordan_Economic_and_Commerce_Bureau
322,We should abolish intellectual property rights,"Deputy Prime Minister Soraya Sáenz de Santamaría said that the aim of the law was ""to safeguard intellectual property, boost our culture industries and protect the rights of owners, creators and others in the face of the lucrative plundering of illegal downloading sites.""[REF] .",Ley Sinde,https://en.wikipedia.org/wiki/Ley_Sinde
323,We should abolish intellectual property rights,"Another unusual and criticized decision taken by Fleva (in his secondary capacity as Minister of Industry and Commerce) was the abolition of virtually all patents, measures justified by his belief that intellectual property rights were holding back industrialization [REF].",Nicolae Fleva,https://en.wikipedia.org/wiki/Nicolae_Fleva
324,We should abolish intellectual property rights,"The TRIPS Agreement seeks to grant adequate protection of intellectual property rights by creating a favorable economic environment to encourage the inflow of foreign investments, and strengthening the multilateral trading system to bring about economic, cultural, and technological independence."" .",Philippine trademark law,https://en.wikipedia.org/wiki/Philippine_trademark_law
325,We should abolish intellectual property rights,"In May 2007, LucasArts announced Fracture and stated that ""new intellectual properties serve a vital role to the growth of LucasArts"".",LucasArts,https://en.wikipedia.org/wiki/LucasArts
326,We should abolish intellectual property rights,"In amicus briefs in important cases, in lobbying before Congress, and in its statements to the public, the MPAA consistently advocated strong protection of intellectual-property rights.",Societal views on intellectual property,https://en.wikipedia.org/wiki/Societal_views_on_intellectual_property
327,We should abolish intellectual property rights,"Under Article 3 of this Convention, WIPO seeks to ""promote the protection of intellectual property throughout the world.""",World Intellectual Property Organization,https://en.wikipedia.org/wiki/World_Intellectual_Property_Organization
328,We should abolish intellectual property rights,"The US Constitution included the power to protect intellectual property, empowering the Federal government ""to promote the progress of science and useful arts, by securing for limited times to authors and inventors the exclusive right to their respective writings and discoveries"" [REF].",Business ethics,https://en.wikipedia.org/wiki/Business_ethics
329,We should abolish intellectual property rights,IPR2 used several methods to support more effective intellectual property protection and the development of a sustainable environment for enforcement of IPR in China.,EU-China Project for the Protection of Intellectual Property Rights (IPR2),https://en.wikipedia.org/wiki/EU-China_Project_for_the_Protection_of_Intellectual_Property_Rights_(IPR2)
330,We should abolish intellectual property rights,"The Pool for Open Innovation against Neglected Tropical Diseases, administered by BIO Ventures for Global Health, motivates innovative and efficient drug discovery and development by opening access to intellectual property or know-how in neglected tropical disease research.",Neglected tropical disease research and development,https://en.wikipedia.org/wiki/Neglected_tropical_disease_research_and_development
331,We should abolish intellectual property rights,The WIPO treaty and several related international agreements are premised on the notion that the protection of intellectual property rights are essential to maintaining economic growth.,Intellectual property,https://en.wikipedia.org/wiki/Intellectual_property
332,We should abolish intellectual property rights,"Claude Henry and Joseph E. Stiglitz[REF] argue that the current intellectual property global regime may impede both innovation and dissemination, and suggest reforms to foster the global dissemination of innovation and sustainable development.",Agreement on Trade-Related Aspects of Intellectual Property Rights,https://en.wikipedia.org/wiki/Agreement_on_Trade-Related_Aspects_of_Intellectual_Property_Rights
333,We should abolish intellectual property rights,"Created within the Copyright Office by Congress in 1988, the International Copyright Institute provides training for high-level officials from developing and newly industrialized countries and encourages development of effective intellectual property laws and enforcement overseas.",United States Copyright Office,https://en.wikipedia.org/wiki/United_States_Copyright_Office
334,We should abolish intellectual property rights,Writer Ayn Rand has argued that the protection of intellectual property is essentially a moral issue.,Intellectual property,https://en.wikipedia.org/wiki/Intellectual_property
335,We should abolish intellectual property rights,"In addition to employing best practices in business processes and ICT strategy, MISOF also encourages the ownership of Intellectual Property which is subsequently utilised to achieve tangible business value [REF].",Walter Rhodes,https://en.wikipedia.org/wiki/Walter_Rhodes
336,We should abolish intellectual property rights,"On October 1, 2011, the governments of eight nations including Japan and the United States signed the Anti-Counterfeiting Trade Agreement (ACTA), which is designed help protect intellectual property rights, especially costly copyright and trademark theft.",Counterfeit consumer goods,https://en.wikipedia.org/wiki/Counterfeit_consumer_goods
337,We should abolish intellectual property rights,"According to Rep. Goodlatte, ""Intellectual property is one of America's chief job creators and competitive advantages in the global marketplace, yet American inventors, authors, and entrepreneurs have been forced to stand by and watch as their works are stolen by foreign infringers beyond the reach of current U.S. laws.",Stop Online Piracy Act,https://en.wikipedia.org/wiki/Stop_Online_Piracy_Act
338,We should abolish intellectual property rights,"The State Council, the Patent Office of China, the predecessor of SIPO, was founded in 1980 to protect intellectual property, encourage invention and creation, help popularize inventions and their exploitation, and promote the progress and innovation in science and technology.",Pharmaceutical industry in the People's Republic of China,https://en.wikipedia.org/wiki/Pharmaceutical_industry_in_the_People's_Republic_of_China
339,We should abolish intellectual property rights,"""There are estimates that intellectual property in the United States is worth between $5 trillion and $5.5 trillion and accounts for approximately half of U.S. exports with roughly 40 percent driving U.S. economic growth..the impact of intellectual property on the U.S. economy is undeniable.""[REF] .",Intellectual Property Protection Act of 2006,https://en.wikipedia.org/wiki/Intellectual_Property_Protection_Act_of_2006
340,We should abolish intellectual property rights,"The company recognizes that developing and protecting its intellectual property creates additional value in the company, and acts as a business moat to deter competitors.",Vistaprint,https://en.wikipedia.org/wiki/Vistaprint
341,We should abolish intellectual property rights,Argentina has strengthened intellectual property rights protections by drafting and updating laws and ratifying international agreements such as the WIPO Copyright Treaty [REF].,Internet censorship by country,https://en.wikipedia.org/wiki/Internet_censorship_by_country
342,We should abolish intellectual property rights,"In addition to the elimination of customs duties, the Jordan-U.S. FTA includes several provisions that promote intellectual property rights, environmental protection laws, labor rights, and electronic commerce in both countries.",Jordan Economic and Commerce Bureau,https://en.wikipedia.org/wiki/Jordan_Economic_and_Commerce_Bureau
343,We should abolish intellectual property rights,TRIPS requires member states to provide strong protection for intellectual property rights.,Agreement on Trade-Related Aspects of Intellectual Property Rights,https://en.wikipedia.org/wiki/Agreement_on_Trade-Related_Aspects_of_Intellectual_Property_Rights
344,We should further exploit geothermal energy,"The EFG strongly advocates renewable and sustainable energy production, including geothermal energy, as well as the need for increasing energy efficiency.",Scientific opinion on climate change,https://en.wikipedia.org/wiki/Scientific_opinion_on_climate_change
345,We should further exploit geothermal energy,"Recognizing geothermal energy as an alternative and renewable energy resource, since the 1970s, China has conducted extensive explorations aiming at identifying high temperature resources for electric generation.",Renewable energy in the People's Republic of China,https://en.wikipedia.org/wiki/Renewable_energy_in_the_People's_Republic_of_China
346,We should further exploit geothermal energy,"Geothermal energy is an enormous, underused heat and power resource that is clean (emits little or no greenhouse gases), reliable (average system availability of 95%), and homegrown (making populations less dependent on oil) [REF].",Renewable heat,https://en.wikipedia.org/wiki/Renewable_heat
347,We should further exploit geothermal energy,The HVAC system has been converted to using geo-thermal energy to help reduce dependence on foreign oil as well as save money.,Newport School District (Pennsylvania),https://en.wikipedia.org/wiki/Newport_School_District_(Pennsylvania)
348,We should further exploit geothermal energy,"President Ólafur strongly advocates the use of geothermal energy, which is renewable, economically viable and reliable resource, as proven convincingly by the case of Iceland.",Ólafur Ragnar Grímsson,https://en.wikipedia.org/wiki/Ólafur_Ragnar_Grímsson
349,We should further exploit geothermal energy,"Current research led by the GNS Science and the University of Auckland is tipped to enable cheaper geothermal energy, and identify new systems in the Central North Island for development.",Mining in New Zealand,https://en.wikipedia.org/wiki/Mining_in_New_Zealand
350,We should further exploit geothermal energy,"In 1979 the U.S. Department of Energy (DOE) actively promoted development of geothermal energy in the Geysers-Calistoga Known Geothermal Resource Area ( KGRA) near Calistoga, California through a variety of research programs and the Geothermal Loan Guarantee Program.",Geyser,https://en.wikipedia.org/wiki/Geyser
351,We should further exploit geothermal energy,January 2011: Al Gore said in The Climate Project Asia Pacific Summit that Indonesia could become a super power country in electricity production from geothermal energy [REF].,Geothermal electricity,https://en.wikipedia.org/wiki/Geothermal_electricity
352,We should further exploit geothermal energy,"The UCS supports a national renewable energy standard which would require utilities to produce a certain percentage of their energy from sources such as wind power, solar energy and geothermal energy.",Union of Concerned Scientists,https://en.wikipedia.org/wiki/Union_of_Concerned_Scientists
353,We should further exploit geothermal energy,"Geothermal energy, which is used for heating and electricity production in some regions of the Northern Caucasus and the Far East, is the most developed renewable energy source in Russia [REF].",Energy policy of Russia,https://en.wikipedia.org/wiki/Energy_policy_of_Russia
354,We should further exploit geothermal energy,"According to an estimate by the Centre for International Economics, Australia has enough geothermal energy to contribute electricity for 450 years [REF].",Renewable energy in Australia,https://en.wikipedia.org/wiki/Renewable_energy_in_Australia
355,We should further exploit geothermal energy,"The Wyoming Geothermal Outreach Program aims to increase public awareness of opportunities in geothermal energy, as it works with government and industry to improve the state's regulatory and economic environment.",Climate change in Wyoming,https://en.wikipedia.org/wiki/Climate_change_in_Wyoming
356,We should further exploit geothermal energy,"In 2007, geothermal energy provided about 66 percent of primary energy, the share of hydropower was 15 percent, and fossil fuels (mainly oil) 19 percent [REF].",Renewable energy in Iceland,https://en.wikipedia.org/wiki/Renewable_energy_in_Iceland
357,We should further exploit geothermal energy,"Development plans such as those by World Wide Assets LLC for entire cities using only geothermal energy for electricity, geothermal desalination, and employing full recycling systems for water and waste are under development (2006) in Mexico and Australia.",Low-carbon economy,https://en.wikipedia.org/wiki/Low-carbon_economy
358,We should further exploit geothermal energy,"The latest study of Massachusetts Institute of Technology ""The Future of Geothermal Energy - Impact of Enhanced Geothermal Systems (EGS) on the United States in the 21st Century"" (2006) points out the essential importance of developing an economical deep geothermal boring technology.",New drilling technologies,https://en.wikipedia.org/wiki/New_drilling_technologies
359,We should further exploit geothermal energy,"Aside from research in the fields of solar energy, biomass, geothermal energy, energy efficiency and new energies, an international Master of Science degree in Renewable Energy Management is being offered.",University of Freiburg,https://en.wikipedia.org/wiki/University_of_Freiburg
360,We should further exploit geothermal energy,"The South Australian Centre for Geothermal Energy Research (SACGER) was established in 2010 as a part of state government's Renewable Energy Fund in order to promote a world class hub for practical, high priority geothermal energy research.",Energy in South Australia,https://en.wikipedia.org/wiki/Energy_in_South_Australia
361,We should further exploit geothermal energy,"Alaska also offers some of the highest hydroelectric power potential in the country from its numerous rivers, and large swaths of the Alaskan coastline offer wind and geothermal energy potential as well [REF].",Energy law,https://en.wikipedia.org/wiki/Energy_law
362,We should further exploit geothermal energy,"In cooperation with the Wyoming Business Council, the Converse Area New Development Organization drafted an initiative to advance geothermal energy development in Wyoming.",Climate change in Wyoming,https://en.wikipedia.org/wiki/Climate_change_in_Wyoming
363,We should further exploit geothermal energy,"New Zealand, like only a small number of other countries worldwide, has numerous geothermal sites that could be developed for exploitation, and also boasts some of the earliest large-scale use of geothermal energy in the world.",Geothermal power in New Zealand,https://en.wikipedia.org/wiki/Geothermal_power_in_New_Zealand
364,We should further exploit geothermal energy,"Anti-nuclear groups also favour the use of renewable energy, such as wind power, solar power, geothermal energy and biofuel [REF].",Anti-nuclear movement,https://en.wikipedia.org/wiki/Anti-nuclear_movement
365,We should further exploit geothermal energy,"Although exploitation of solar, wind, and biomass resources has a large potential, geothermal energy is the only renewable source (excluding hydropower) with a significant contribution to the energy mix (2% of total generation capacity).",Electricity sector in Mexico,https://en.wikipedia.org/wiki/Electricity_sector_in_Mexico
366,We should further exploit geothermal energy,"There is enormous potential for geothermal energy in the East African Rift which is roughly 3,700 miles in length and spans several countries in East Africa including Eritrea, Ethiopia, Djibouti, Kenya, Uganda, and Zambia [REF].",Renewable energy in Africa,https://en.wikipedia.org/wiki/Renewable_energy_in_Africa
367,We should further exploit geothermal energy,"In 2010 near Naknek, geothermal energy was in advanced stages to provide low-power energy to the Bristol Bay hub Dillingham, as well as the dozens of villages nearby [REF].","Dillingham, Alaska","https://en.wikipedia.org/wiki/Dillingham,_Alaska"
368,We should further exploit geothermal energy,"In 1991, Indonesia Geothermal Association (Asosiasi Panasbumi Indonesia - API), a non-governmental organisation, was established to promote geothermal energy.",Geothermal power in Indonesia,https://en.wikipedia.org/wiki/Geothermal_power_in_Indonesia
369,We should further exploit geothermal energy,"According to the Renewable Energy Transmission Initiative, east San Diego County, along with neighboring Imperial County and Northern Baja California, has a potential aggregate generating capacity of roughly 6,870 megawatts (MW) for solar energy, 3,495 MW for wind power and 2,000 MW for geothermal energy.",Sunrise Powerlink,https://en.wikipedia.org/wiki/Sunrise_Powerlink
370,We should further exploit geothermal energy,"In 2011 Energy Minister Rodrigo Alvarez Zenteno said Chile had the potential to produce between 6,000 and 112,000 megawatts of geothermal energy [REF].",Geothermal power in Chile,https://en.wikipedia.org/wiki/Geothermal_power_in_Chile
371,We should further exploit geothermal energy,"Ball State University, located in Indiana, started using geothermal energy in place of 4 coal fired burners in 2009.",Sustainability at American Colleges and Universities,https://en.wikipedia.org/wiki/Sustainability_at_American_Colleges_and_Universities
372,We should further exploit geothermal energy,"The Geothermal Technologies Program supports research and development for geothermal energy technologies, and supports finding, accessing, and using geothermal resources in the United States [REF].",Office of Energy Efficiency and Renewable Energy,https://en.wikipedia.org/wiki/Office_of_Energy_Efficiency_and_Renewable_Energy
373,We should further exploit geothermal energy,"The Portuguese government awarded, in December 2008, an exclusive license to Geovita Ltd to prospect and explore geothermal energy in one of the best areas in continental Portugal.",Enhanced geothermal system,https://en.wikipedia.org/wiki/Enhanced_geothermal_system
374,We should further exploit geothermal energy,"The vision of İzmir Institute of Technology's Geothermal Research and Application Center includes using sustainable and renewable geothermal energy economical, by the methods which science and technology suggest, around the country wherever possible to have a better and healthier environment for our community and lastly to introduce the science and technology of geothermal energy in Turkey.",İzmir Institute of Technology,https://en.wikipedia.org/wiki/İzmir_Institute_of_Technology
375,We should further exploit geothermal energy,"Geothermal energy, which is used for heating and electricity production in some regions of the Northern Caucasus and the Far East, is the most developed alternative energy source in Russia.",Energy policy of Russia,https://en.wikipedia.org/wiki/Energy_policy_of_Russia
376,We should further exploit geothermal energy,"By integrating renewable energy sources such as solar photovoltaic, solar thermal, and even geothermal energy into structures, it is possible to create zero emission buildings, where energy consumption is self-generating and non-polluting.",Environmental design,https://en.wikipedia.org/wiki/Environmental_design
377,We should further exploit solar energy,"As of May 2010, a metamorphic triple-junction solar cell developed by Fraunhofer's Institute for Solar Energy Systems holds the world record for solar energy conversion efficiency with 41.1%, nearly twice that of a standard silicon-based cell [REF].",Fraunhofer Society,https://en.wikipedia.org/wiki/Fraunhofer_Society
378,We should further exploit solar energy,Computer Aid International has also developed a portable solar-powered cyber café to offer a cost-effective and environmentally sustainable solution to getting rural communities online.,Computer Aid International,https://en.wikipedia.org/wiki/Computer_Aid_International
379,We should further exploit solar energy,Solar energy is often used to supply power for satellites and spacecraft operating in the inner solar system since it can supply energy for a long time without excess fuel mass.,Solar vehicle,https://en.wikipedia.org/wiki/Solar_vehicle
380,We should further exploit solar energy,"""Studies show that the Beatty area has some of the best solar energy potential in the United States, as well as a high potential for wind-power generation,"" the Greenwire story said [REF].","Beatty, Nevada","https://en.wikipedia.org/wiki/Beatty,_Nevada"
381,We should further exploit solar energy,Dr. Doshi states that solar energy can replace soil in cities.,Urban agriculture,https://en.wikipedia.org/wiki/Urban_agriculture
382,We should further exploit solar energy,In 2009 McCormack Baron Salazar created the Sunwheel Energy Partners subsidiary to provide solar energy programs linked to affordable housing and urban development.,McCormack Baron Salazar,https://en.wikipedia.org/wiki/McCormack_Baron_Salazar
383,We should further exploit solar energy,"Reliant Energy claims to have made efforts toward more environmentally safe practices through the use of renewable resources such as solar energy, wind power, landfill gas, and coal refuse [REF].",RRI Energy,https://en.wikipedia.org/wiki/RRI_Energy
384,We should further exploit solar energy,"Local 639,which is involved with Diablo but is under ""spring outage"", also supports solar energy development as part of the overall energy industry portfolio [REF].",Diablo Canyon Power Plant,https://en.wikipedia.org/wiki/Diablo_Canyon_Power_Plant
385,We should further exploit solar energy,Solar energy plays an important role in regional and national economic development as well.,Ketura Sun,https://en.wikipedia.org/wiki/Ketura_Sun
386,We should further exploit solar energy,"In 2011, the International Energy Agency said that ""the development of affordable, inexhaustible and clean solar energy technologies will have huge longer-term benefits.",Solar energy,https://en.wikipedia.org/wiki/Solar_energy
387,We should further exploit solar energy,"After the National Infrastructures Ministry announced it would expand its feed-in tariff scheme to include medium-sized solar-power stations ranging from 50 kilowatts to 5 megawatts, Sunday Solar Energy announced that it would invest $133 million in photovoltaic solar arrays for installation on kibbutzim [REF].",Solar power in Israel,https://en.wikipedia.org/wiki/Solar_power_in_Israel
388,We should further exploit solar energy,"The French government assessed in a report that solar energy was uneconomical, deeming Mouchot's research no longer important and ending his funding.",Augustin Mouchot,https://en.wikipedia.org/wiki/Augustin_Mouchot
389,We should further exploit solar energy,In November 2009 Morocco announced a solar energy project worth $9 billion which officials said will account for 38 percent of the North African country's installed power generation by 2020 [REF].,Economy of Morocco,https://en.wikipedia.org/wiki/Economy_of_Morocco
390,We should further exploit solar energy,"More recently, SELF worked with the Clinton Foundation and Partners In Health (PIH) to launch solar energy solutions for a series of rural health centers in Rwanda and Tanzania.",Solar Electric Light Fund,https://en.wikipedia.org/wiki/Solar_Electric_Light_Fund
391,We should further exploit solar energy,"Mark Z. Jacobson has studied how wind, water and solar technologies can be integrated to provide the majority of the world's energy needs [REF].",Intermittent energy source,https://en.wikipedia.org/wiki/Intermittent_energy_source
392,We should further exploit solar energy,"David Faiman has proposed that ""giant"" solar plants in the Negev could supply all of Israel's electricity [REF].",Desert,https://en.wikipedia.org/wiki/Desert
393,We should further exploit solar energy,"Southern Ontario, in particular Toronto, receives as much summer solar radiation as the city of Miami, Florida, indicating that Ontario has sufficient solar energy that can be harnessed to generate electricity or heat [REF].",Ontario electricity policy,https://en.wikipedia.org/wiki/Ontario_electricity_policy
394,We should further exploit solar energy,"As the voice of the industry, SEIA works with its 1,000 member companies to make solar a mainstream and significant energy source by expanding markets, removing market barriers, strengthening the industry and educating the public on the benefits of solar energy [REF].",Solar Energy Industries Association,https://en.wikipedia.org/wiki/Solar_Energy_Industries_Association
395,We should further exploit solar energy,"In 2011, the International Energy Agency said that solar energy technologies such as photovoltaic panels, solar water heaters and power stations built with mirrors could provide a third of the world's energy by 2060 if politicians commit to limiting climate change.",Solar energy,https://en.wikipedia.org/wiki/Solar_energy
396,We should further exploit solar energy,The energy from the sun could play a key role in de-carbonizing the global economy alongside improvements in energy efficiency and imposing costs on greenhouse gas emitters.,Solar energy,https://en.wikipedia.org/wiki/Solar_energy
397,We should further exploit solar energy,Silverman endorsed solar energy not only as good for the environment but as a peace-building industry as well.,Sarah Silverman,https://en.wikipedia.org/wiki/Sarah_Silverman
398,We should further exploit solar energy,"The World Bank is backing a program of making solar energy available to wider population in Bangladesh, as part of the Rural Electrification and Renewable Energy Development Project (REREDP), which subsidizes solar energy systems.",Renewable energy in Asia,https://en.wikipedia.org/wiki/Renewable_energy_in_Asia
399,We should further exploit solar energy,"The International Energy Agency has said that solar energy can make considerable contributions to solving some of the most urgent problems the world now faces:[REF] The development of affordable, inexhaustible and clean solar energy technologies will have huge longer-term benefits.",Solar energy,https://en.wikipedia.org/wiki/Solar_energy
400,We should further exploit solar energy,Israeli innovation and research has advanced solar technology to a degree that it is almost cost-competitive with fossil fuels [REF].,Solar power by country,https://en.wikipedia.org/wiki/Solar_power_by_country
401,We should further exploit solar energy,"On 30 July 2007, AC Transit announced that it had entered into a 25-year partnership with SunPower, MMA Renewable Ventures, and PG&E to install solar energy systems at its facilities in an effort to reduce its carbon footprint, improve local air quality, and save money on energy costs that could be used instead to spend on transit service [REF].",AC Transit,https://en.wikipedia.org/wiki/AC_Transit
402,We should further exploit solar energy,"During the energy crisis in the 1970s, Udall advocated the use of solar energy as one remedy to the crisis.",Stewart Udall,https://en.wikipedia.org/wiki/Stewart_Udall
403,We should further exploit solar energy,"Solar energy is the state's most abundant energy resource and estimates have placed the state's potential electricity production from solar power at 68,000,000 MWhs annually, an amount larger than the state's total electricity consumption of 46,457,000 MWh in 2005 [REF].",Solar power in Oregon,https://en.wikipedia.org/wiki/Solar_power_in_Oregon
404,We should further exploit solar energy,"Schneerson demanded in 1981[REF][REF] that the USA achieve energy independence by developing solar energy, as the dependence and resulting subjugation to foreign nations could cause the country to compromise its principles.",Chabad,https://en.wikipedia.org/wiki/Chabad
405,We should further exploit solar energy,"Jacobson has studied how wind, water and solar technologies can provide 100 per cent of the world's energy, eliminating all fossil fuels [REF].",Mark Z. Jacobson,https://en.wikipedia.org/wiki/Mark_Z._Jacobson
406,We should further exploit solar energy,"Zulkader is a pioneer in the field of wind energy, solar energy, bio-fuels and waste to energy in Pakistan, which are expected to provide a clean source of energy in line with international efforts to reduce pollution and global warming.",Kazi Zulkader Siddiqui,https://en.wikipedia.org/wiki/Kazi_Zulkader_Siddiqui
407,We should further exploit solar energy,"On December 10, 2007 Patrick Moore, co-chair of the Clean & Safe Energy Coalition [REF] - a pro-nuclear group funded by the Nuclear Energy Institute[REF] - wrote: Greenpeace is deliberately misleading the public into thinking that wind and solar energy, both of which are inherently intermittent and unreliable, can replace baseload power that is continuous and reliable.",Intermittent energy source,https://en.wikipedia.org/wiki/Intermittent_energy_source
408,We should further exploit solar energy,"According to a 2011 survey conducted by independent polling firm Kelton Research, nine out of 10 Americans support the use and development of solar technology.",Solar power in the United States,https://en.wikipedia.org/wiki/Solar_power_in_the_United_States
409,We should further exploit solar energy,"In October 2009, Enbridge announced its entry into solar energy with its investment in the 80 megawatt Sarnia Photovoltaic Power Plant, which will be the largest photovoltaic solar energy facility in operation in Canada and one of the largest in North America.",Enbridge,https://en.wikipedia.org/wiki/Enbridge
410,We should further exploit solar energy,"Giffords strongly supports renewable energy, in particular solar energy, as a top public policy priority [REF].",Gabrielle Giffords,https://en.wikipedia.org/wiki/Gabrielle_Giffords
411,We should further exploit solar energy,Rajasthan government is very aggressively promoting Solar Energy as the source of future.,Sanchore,https://en.wikipedia.org/wiki/Sanchore
412,We should further exploit solar energy,A 2010 survey conducted by Applied Materials shows that two-thirds of Americans believe solar technology should play a greater role in meeting the country's energy needs.,Renewable energy commercialization,https://en.wikipedia.org/wiki/Renewable_energy_commercialization
413,We should further exploit solar energy,"A May 12, 2008 editorial in the Wall St. Journal stated, ""For electricity generation, the EIA concludes that solar energy is subsidized to the tune of $24.34 per megawatt hour, wind $23.37 and 'clean coal' $29.81.",Nuclear power debate,https://en.wikipedia.org/wiki/Nuclear_power_debate
414,We should further exploit solar energy,"In addition, Faria has been promoting the use of solar energy as a better source of power.",Nicole Faria,https://en.wikipedia.org/wiki/Nicole_Faria
415,We should further exploit solar energy,"According to a comparative study of energy production of solar technologies, CPV systems require no water for energy production and produce more energy per megawatt (MW) installed than traditional PV systems [REF].",Amonix,https://en.wikipedia.org/wiki/Amonix
416,We should further exploit solar energy,"By using solar energy as a power source, Lindsey hopes to encourage the use of environment-friendly energy sources as the issue of global warming becomes more urgent.""",Solar artwork,https://en.wikipedia.org/wiki/Solar_artwork
417,We should further exploit solar energy,The solar powered lamps has also received positive feedbacks across the villages and successfully reduced 288 tones of carbon emission.,Nusantara Development Initiatives,https://en.wikipedia.org/wiki/Nusantara_Development_Initiatives
418,We should further exploit solar energy,The detailed outlay of the National Solar Mission highlights various targets set by the government to increase solar energy in the country's energy portfolio.,Solar power in India,https://en.wikipedia.org/wiki/Solar_power_in_India
419,We should further exploit solar energy,"""We're proud of Solar Two's success as it marks a significant milestone in the development of large-scale solar energy projects,"" said then U.S. Energy Secretary Bill Richardson.",The Solar Project,https://en.wikipedia.org/wiki/The_Solar_Project
420,Bullfighting should be banned,"According to a poll conducted by the Sports Marketing Group in Atlanta in 2003, 46.2% of Americans polled hated or strongly disliked bull fighting [REF].",Bullfighting,https://en.wikipedia.org/wiki/Bullfighting
421,Bullfighting should be banned,"On July 28, 2010, Catalonia became the second Spanish territory, after the Canary Islands, to forbid bullfighting.",Catalonia,https://en.wikipedia.org/wiki/Catalonia
422,Bullfighting should be banned,"Later social-democratic governments, particularly the current government of José Luis Rodríguez Zapatero, have generally been more opposed to bullfighting, prohibiting children under 14 from attending and limiting or prohibiting the broadcast of bullfights on national TV.",Bullfighting,https://en.wikipedia.org/wiki/Bullfighting
423,Bullfighting should be banned,Catalonia became the second autonomous community in Spain to ban bullfighting after the Canary Islands did so in 1991 [REF].,Ban on bullfighting in Catalonia,https://en.wikipedia.org/wiki/Ban_on_bullfighting_in_Catalonia
424,Bullfighting should be banned,"In 2011, the government in Catalonia, a region in Spain, passed a motion to outlaw bull fighting which came into effect on January 1, 2012 [REF].",Animal rights,https://en.wikipedia.org/wiki/Animal_rights
425,Bullfighting should be banned,The campaign to ban bullfighting in Catalonia was strongly supported by animal rights groups and gained the backing of celebrities including Ricky Gervais and Pamela Anderson [REF].,Ban on bullfighting in Catalonia,https://en.wikipedia.org/wiki/Ban_on_bullfighting_in_Catalonia
426,Bullfighting should be banned,The SPCA was instrumental in promoting a 1997 ban on bullfighting in Egypt [REF].,Cruelty to animals,https://en.wikipedia.org/wiki/Cruelty_to_animals
427,Bullfighting should be banned,"The King has allegedly stated, that ""the day the EU bans bullfighting is the day Spain leaves the EU"" [REF].",Bullfighting,https://en.wikipedia.org/wiki/Bullfighting
428,Bullfighting should be banned,"Rabbi Ovadia Yosef has characterized bullfighting as ""a culture of sinful and cruel people"" which is opposed by Torah values [REF].",Tza'ar ba'alei chayim,https://en.wikipedia.org/wiki/Tza'ar_ba'alei_chayim
429,Bullfighting should be banned,"The Islamic Council on its 10th Session, Conducted on the 17th October 1987, discussed among other issues, Bull Fighting and Animal Pits (Where 2 or more animals are agitated and forced to fight each other for the sole purpose of entertainment), and issued a Fatwa (Islamic Ruling) that both are considered Haram (Prohibited) due to their cruel nature [REF].",Bullfighting,https://en.wikipedia.org/wiki/Bullfighting
430,Bullfighting should be banned,"In 1991, the Canary Islands became the first Spanish Autonomous Community to ban bullfighting,[REF] when they legislated to ban bullfights and other spectacles that involve cruelty to animals, with the exception of cockfighting, which is traditional in some towns in the Islands [REF].",Bullfighting,https://en.wikipedia.org/wiki/Bullfighting
431,Bullfighting should be banned,"Bullfighting is criticized by animal rights activists, referring to it as a cruel or barbaric blood sport, in which the bull suffers severe stress and a slow, torturous death [REF].",Bullfighting,https://en.wikipedia.org/wiki/Bullfighting
432,Bullfighting should be banned,Mosterín has repeatedly taken a strong public position against bullfighting and other forms of mistreatment of animals.,Jesús Mosterín,https://en.wikipedia.org/wiki/Jesús_Mosterín
433,Bullfighting should be banned,"A Portuguese television station also prohibited the broadcasting of bullfights in January 2008, because they are too violent for minors [REF].",Bullfighting,https://en.wikipedia.org/wiki/Bullfighting
434,Bullfighting should be banned,"State-run Spanish TVE cancelled live coverage of bullfights in August 2007, claiming that the coverage was too violent for children who might be watching, and that live coverage violated a voluntary, industry-wide code attempting to limit ""sequences that are particularly crude or brutal"" [REF].",Bullfighting,https://en.wikipedia.org/wiki/Bullfighting
435,Bullfighting should be banned,"Housni al-Khateeb Shehada, an Israeli college lecturer on Islamic art and culture, analyzed the responses of Sunni jurists at IslamOnline to inquiries relating to animal cruelty and concluded that there is a strict prohibition against tormenting animals for purposes of amusement, entertainment, or spectator sport - including bullfighting [REF].",Bullfighting,https://en.wikipedia.org/wiki/Bullfighting
436,Bullfighting should be banned,"On 18 December 2009, the parliament of Catalonia, one of Spain's seventeen Autonomous Communities, approved by majority the preparation of a law to ban bullfighting in Catalonia, as a response to a popular initiative against bullfighting that gathered more than 180,000 signatures [REF].",Bullfighting,https://en.wikipedia.org/wiki/Bullfighting
437,Bullfighting should be banned,"Bullfighting is criticized by animal rights or animal welfare activists, referring to it as a cruel or barbaric blood sport in which the bull suffers severe stress and a slow, torturous death [REF].",Cruelty to animals,https://en.wikipedia.org/wiki/Cruelty_to_animals
438,Bullfighting should be banned,"In March 2009, Viana do Castelo, a city in northern Portugal, became the first city in that country to ban bullfighting.",Bullfighting,https://en.wikipedia.org/wiki/Bullfighting
439,Bullfighting should be banned,"In addition, recent studies have stated that 92% of Galicians are firmly against bullfighting, the highest rate of the country, even more than Catalonia.",Galicia (Spain),https://en.wikipedia.org/wiki/Galicia_(Spain)
440,Bullfighting should be banned,"Chavez, who became a vegetarian and had concerns for the welfare of animals in general,[REF] had written a letter in 1990 to Action for Animals stating his view that legislation was needed to ensure the humane treatment of animals at rodeos and explaining that violence was linked with racism, economic deprival, and various animal sports, including dog fighting, cock fighting, bullfighting and rodeo [REF].",Charreada,https://en.wikipedia.org/wiki/Charreada
441,We should further exploit wind power,"In a recent survey the majority of New Zealanders favour solar and wind energy as a power source, with only 19% wanting nuclear power [REF].",New Zealand's nuclear-free zone,https://en.wikipedia.org/wiki/New_Zealand's_nuclear-free_zone
442,We should further exploit wind power,"The expanding wind power market will help Texas meet its 2015 renewable energy goal of 5,000 new megawatts of power from renewable sources [REF].",Wind power in Texas,https://en.wikipedia.org/wiki/Wind_power_in_Texas
443,We should further exploit wind power,"The alternative, which Lovins called ""the soft path,"" favored ""benign"" sources of renewable energy like wind power and solar power, along with a heightened commitment to energy conservation and energy efficiency.",Soft energy path,https://en.wikipedia.org/wiki/Soft_energy_path
444,We should further exploit wind power,"According to the Climate and Energy Strategy, wind power production will rise to 6 TWh by 2020.",Finland National Renewable Energy Action Plan,https://en.wikipedia.org/wiki/Finland_National_Renewable_Energy_Action_Plan
445,We should further exploit wind power,Most states in the US have energy policies to help support wind energy development.,United States Wind Energy Policy,https://en.wikipedia.org/wiki/United_States_Wind_Energy_Policy
446,We should further exploit wind power,"The UK Energy Research Centre (UKERC) study of intermittency also states that wind energy can displace fossil fuel-based generation, reducing both fuel use and carbon dioxide emissions.",Environmental impact of wind power,https://en.wikipedia.org/wiki/Environmental_impact_of_wind_power
447,We should further exploit wind power,EWEA has predicted that wind power will cover 13-16 % of EU electricity consumption with 180 GW capacity (2020) [REF].,Renewable energy in Finland,https://en.wikipedia.org/wiki/Renewable_energy_in_Finland
448,We should further exploit wind power,"A new Carbon Trust study into the potential of small-scale wind energy has found that small wind turbines could provide up to 1.5 terawatt hours (TW·h) per year of electricity (0.4% of total UK electricity consumption), saving 0.6 million tonnes of carbon dioxide (Mt CO2) emission savings.",Wind power,https://en.wikipedia.org/wiki/Wind_power
449,We should further exploit wind power,A 2008 EWG report compares IEA projections about the growth of wind power capacity and finds that it has consistently underestimated the amount of energy the wind power industry can deliver [REF].,International Energy Agency,https://en.wikipedia.org/wiki/International_Energy_Agency
450,We should further exploit wind power,"A 2009 study on wind power in Spain by Gabriel Calzada Alvarez Universidad Rey Juan Carlos concluded that each installed MW of wind power led to the loss of 4.27 jobs, by raising energy costs and driving away electricity-intensive businesses [REF].",Wind power,https://en.wikipedia.org/wiki/Wind_power
451,We should further exploit wind power,"According to Penny Wright-Senate candidate Greens South Australia, four potential wind energy projects on the Eyre Peninsula could generate more than double South Australia's wind-sourced electricity capacity to 7500 megawatts provided better transmission infrastructure are available.",Energy in South Australia,https://en.wikipedia.org/wiki/Energy_in_South_Australia
452,We should further exploit wind power,"With increasing population growth, Canada has seen wind power as a way to diversify energy supplies away from traditional reliance on fossil fuel burning thermal plants and heavy reliance on hydroelectricity in some provinces.",Wind power in Canada,https://en.wikipedia.org/wiki/Wind_power_in_Canada
453,We should further exploit wind power,"As of 2007, wind energy represented only 1.7% of Illinois' energy production, and it was estimated that wind power could provide 5-10% of the state's energy needs [REF].",Illinois,https://en.wikipedia.org/wiki/Illinois
454,We should further exploit wind power,"On February 11, 2010, the National Renewable Energy Laboratory released the first comprehensive update of the wind energy potential by state since 1993, showing that Ohio had potential to install 55 GW of onshore wind power nameplate capacity, generating 152 TWh annually [REF].",Wind power in Ohio,https://en.wikipedia.org/wiki/Wind_power_in_Ohio
455,We should further exploit wind power,"At the end of 2011, wind power in the People's Republic of China accounted for 62,000 megawatts (MW) of electricity generating capacity,[REF] and China has identified wind power as a key growth component of the country's economy [REF].",Wind power in the People's Republic of China,https://en.wikipedia.org/wiki/Wind_power_in_the_People's_Republic_of_China
456,We should further exploit wind power,"On February 11, 2010, the National Renewable Energy Laboratory released the first comprehensive update of the wind energy potential by state since 1993, showing that Indiana had potential to install up to 148 GW of onshore wind power nameplate capacity, generating 443 TWh annually [REF].",Wind power in Indiana,https://en.wikipedia.org/wiki/Wind_power_in_Indiana
457,We should further exploit wind power,"The 2007 National Energy Policy supports the diversification and increase of energy sources, mainly through renewable energy such as hydroelectricity, geothermal, solar, wind power and biofuels (as well as mineral coal and natural gas).",Electricity sector in El Salvador,https://en.wikipedia.org/wiki/Electricity_sector_in_El_Salvador
458,We should further exploit wind power,"Survey results show that Maine residents ""strongly support wind power development, chiefly because it cuts dependence on fossil fuels and creates jobs"".",Wind power in Maine,https://en.wikipedia.org/wiki/Wind_power_in_Maine
459,We should further exploit wind power,"Despite these complexities, most of the data indicate that wind energy is one of the most cost efficient sources of renewable energy and that when the costs associated with pollution are factored in it is competitive with coal- and gas-fired power stations [REF].",Wind power in Australia,https://en.wikipedia.org/wiki/Wind_power_in_Australia
460,We should further exploit wind power,The IER claims that Pickens' plan relies on government subsidies and that producing large amounts of wind power is not a viable option.,Pickens Plan,https://en.wikipedia.org/wiki/Pickens_Plan
461,We should further exploit wind power,"The U.S. Department of Energy's 2008 report 20% Wind Energy by 2030 envisioned that wind power could supply 20% of all U.S. electricity, which included a contribution of 4% to the nation's total electricity from offshore wind power [REF].",Wind power in the United States,https://en.wikipedia.org/wiki/Wind_power_in_the_United_States
462,We should further exploit wind power,"The U.S. Department of Energy's report 20% Wind Energy by 2030 envisioned that wind power could supply 20% of all U.S. electricity, which included a contribution of 4% from offshore wind power [REF].",United States Wind Energy Policy,https://en.wikipedia.org/wiki/United_States_Wind_Energy_Policy
463,We should further exploit wind power,"In the case of British Columbia, wind energy will help close the electricity deficit that the province is facing into the 2010s and help reduce the reliance on importing power from other jurisdictions that may not use renewable energy sources.",Wind power in Canada,https://en.wikipedia.org/wiki/Wind_power_in_Canada
464,We should further exploit wind power,"According to the article, on December 10, 2010, MSNBC reported that ""Pickens said low natural gas prices have made utility companies view wind power as too expensive."" .",T. Boone Pickens,https://en.wikipedia.org/wiki/T._Boone_Pickens
465,We should further exploit wind power,"At the end of 2009, wind power in China accounted for 25.1 gigawatts (GW) of electricity generating capacity,[REF] and China has identified wind power as a key growth component of the country's economy [REF].",Wind farm,https://en.wikipedia.org/wiki/Wind_farm
466,We should further exploit wind power,"A European Environment Agency report, entitled Europe's onshore and offshore wind energy potential confirms wind energy could power Europe many times over [REF].",Wind power in the European Union,https://en.wikipedia.org/wiki/Wind_power_in_the_European_Union
467,We should further exploit wind power,"A November 2006 analysis found that ""wind power may be able to cover more than 50% of the Danish electricity consumption in 2025"" under conditions of high oil prices and higher costs for CO2 allowances [REF].",Intermittent energy source,https://en.wikipedia.org/wiki/Intermittent_energy_source
468,We should further exploit wind power,A 2009 poll conducted by Portland-based Critical Insights shows that 90% of Maine people support the development of wind power as a source of electricity.,Wind power in Maine,https://en.wikipedia.org/wiki/Wind_power_in_Maine
469,We should further exploit wind power,"According to a 2012 Pew Research Center poll, 44 percent of Americans favor and 49 percent oppose the promotion of increased use of nuclear power, while 69 percent favor increasing federal funding for research on wind power, solar power and hydrogen energy technology [REF].",Anti-nuclear movement in the United States,https://en.wikipedia.org/wiki/Anti-nuclear_movement_in_the_United_States
470,We should further exploit wind power,"According to the National Directorate for Energy and Nuclear Technology (DNETN), grid-connected wind power generation is one of the domestic resources with best potential in Uruguay for the medium and long term [REF].",Electricity sector in Uruguay,https://en.wikipedia.org/wiki/Electricity_sector_in_Uruguay
471,We should further exploit wind power,"German engineering company Siemens announced in July 2010, following a visit to Russia by Chancellor Angela Merkel, that it would build wind power plants in Russia [REF].",Renewable energy in Russia,https://en.wikipedia.org/wiki/Renewable_energy_in_Russia
472,We should further exploit wind power,"The National Audubon Society in the U.S. takes a similar position, broadly supporting wind power to help mitigate global warming, while cautioning against siting wind farms in areas especially important to birds and other affected wildlife [REF].",Environmental impact of wind power,https://en.wikipedia.org/wiki/Environmental_impact_of_wind_power
473,We should further exploit wind power,"The Maui satellite of NWTC will collaborate with First Wind on studies to develop advanced wind energy technologies, including energy storage and integration of renewable electricity into Maui's electrical grid [REF].",Wind power in the United States,https://en.wikipedia.org/wiki/Wind_power_in_the_United_States
474,We should further exploit wind power,"In 2008, in British Columbia, BC Hydro has issued a Clean Power Call for proposals for environmentally friendly energy production and one company, Naikun Wind Energy has responded with Canada's first plan to develop off-shore wind power by installing windmills at sea in the Hecate Strait off the north coast of B.C. .",Technological and industrial history of 21st-century Canada,https://en.wikipedia.org/wiki/Technological_and_industrial_history_of_21st-century_Canada
475,We should further exploit wind power,"Thompson has advocated for a comprehensive energy policy that would call for renewable energy sources, like wind energy and nuclear power, while also expanding exploration for oil and natural gas reserves in Oklahoma.",Mike Thompson (Oklahoma politician),https://en.wikipedia.org/wiki/Mike_Thompson_(Oklahoma_politician)
476,We should further exploit wind power,An opinion poll in Britain in 2002 by MORI on behalf of Greenpeace showed large support for wind energy and a majority for putting an end to nuclear energy if the costs were the same [REF].,Nuclear power in the United Kingdom,https://en.wikipedia.org/wiki/Nuclear_power_in_the_United_Kingdom
477,We should further exploit wind power,"2010 data from the World Wind Energy Association, an industry organization states that wind power now has the capacity to generate 430 TWh annually, which is about 2.5% of worldwide electricity usage [REF].",Wind power,https://en.wikipedia.org/wiki/Wind_power
478,We should further exploit wind power,"In 2008, the Canadian Wind Energy Association (CanWEA), a non-profit trade association, outlined a future strategy for wind energy that would reach a capacity of 55,000 MW by 2025, fulfilling 20% of the country's energy needs.",Wind power in Canada,https://en.wikipedia.org/wiki/Wind_power_in_Canada
479,We should further exploit wind power,"The report highlights wind power's potential in 2020 as three times greater than Europe's expected electricity demand, rising to a factor of seven by 2030 [REF].",Wind power in the European Union,https://en.wikipedia.org/wiki/Wind_power_in_the_European_Union
480,We should further exploit wind power,"In September 2007, former Prime Minister Helen Clark announced a national target of 90 percent renewable electricity by 2025, with wind energy to make up much of that increase [REF].",Renewable energy in New Zealand,https://en.wikipedia.org/wiki/Renewable_energy_in_New_Zealand
481,We should further exploit wind power,"Expansion of wind power capacity will help Texas meet its renewable energy goal of 5,000 MW of new power from renewable sources by 2015 [REF].",Wind power in the United States,https://en.wikipedia.org/wiki/Wind_power_in_the_United_States
482,We should further exploit wind power,The State of California is encouraging solar and wind power generation that is connected to the electrical grid to avoid the use of toxic lead acid batteries for night time storage [REF].,Off-the-grid,https://en.wikipedia.org/wiki/Off-the-grid
483,We should further exploit wind power,In 1995 Bush made wind power a key facet of Texas' renewable energy policy.,Governorship of George W. Bush,https://en.wikipedia.org/wiki/Governorship_of_George_W._Bush
484,We should further exploit wind power,"Thanks to the growth that has resulted from the use and development of this energy source, the wind power market has helped to generate more than 25,000 jobs within the EU.",Renewable energy in the European Union,https://en.wikipedia.org/wiki/Renewable_energy_in_the_European_Union
485,We should further exploit wind power,A statewide poll in Spring 2007 by the Pan Atlantic SMS Group showed that 85% of Maine people supported wind power development [REF].,Wind power in Maine,https://en.wikipedia.org/wiki/Wind_power_in_Maine
486,We should further exploit wind power,"The US Pacific Northwest has been identified as another region where wind energy is complemented well by existing hydropower, and there were ""no fundamental technical barriers"" to integrating up to 6,000 MW of wind capacity [REF].",Intermittent energy source,https://en.wikipedia.org/wiki/Intermittent_energy_source
487,We should further exploit wind power,The Department of Energy has said wind power could generate 20% of US electricity by 2030 [REF].,Electricity sector of the United States,https://en.wikipedia.org/wiki/Electricity_sector_of_the_United_States
488,We should further exploit wind power,Mukash hopes to convince the Government of Quebec and Hydro-Québec to pursue wind power as an alternative source of economic development and energy.,Grand Council of the Crees,https://en.wikipedia.org/wiki/Grand_Council_of_the_Crees
489,We should further exploit wind power,"Opinion polls show that this direct involvement has helped the popularity of wind turbines, with some 86% of Danes supporting wind energy when compared with existing fuel sources [REF].",Wind power in Denmark,https://en.wikipedia.org/wiki/Wind_power_in_Denmark
490,We should further exploit wind power,"On June 2, 2008, Sebelius spoke at the American Wind Energy Association Conference, calling for greater federal support for wind energy and other renewable energy resources [REF].",Kathleen Sebelius,https://en.wikipedia.org/wiki/Kathleen_Sebelius
491,We should further exploit wind power,"The Canadian Wind Energy Association has outlined a future strategy for wind energy that would reach a capacity of 55,000 MW by 2025, meeting 20% of the country's energy needs [REF].",Wind power in Canada,https://en.wikipedia.org/wiki/Wind_power_in_Canada
492,We should further exploit wind power,China has identified wind power as a key growth component of the country's economy [REF].,Renewable energy in the People's Republic of China,https://en.wikipedia.org/wiki/Renewable_energy_in_the_People's_Republic_of_China
493,We should further exploit wind power,Australian researchers at the University of New South Wales claim to have solved the energy storage problem for solar and wind power with the development of vanadium redox batteries.,Intermittent energy source,https://en.wikipedia.org/wiki/Intermittent_energy_source
494,We should further exploit wind power,"In 2009, GE's renewable energy initiatives, which include solar power, wind power and GE Jenbacher gas engines using renewable and non-renewable methane-based gases,[REF] employ more than 4,900 people globally and have created more than 10,000 supporting jobs [REF].",General Electric,https://en.wikipedia.org/wiki/General_Electric
495,We should further exploit wind power,"The Ocean Energy Institute, founded by Matthew Simmons, is advocating developing wind power in the Gulf of Maine [REF].",Wind power in Maine,https://en.wikipedia.org/wiki/Wind_power_in_Maine
496,We should further exploit wind power,Wind power is the fastest growing of the renewable energy technologies in Scotland.,Intelligent Land Investments,https://en.wikipedia.org/wiki/Intelligent_Land_Investments
497,We should further exploit wind power,"A 2008 survey shows that 19 % of New Zealanders favour nuclear power as the best energy source, while 77% prefer wind power as the best energy source [REF].",Anti-nuclear movement,https://en.wikipedia.org/wiki/Anti-nuclear_movement
498,We should further exploit wind power,"EEA (European Environment Agency)s Europe's onshore and offshore wind energy potential[REF] report, confirms wind energy could power Europe many times over.",Renewable energy in the European Union,https://en.wikipedia.org/wiki/Renewable_energy_in_the_European_Union
499,We should further exploit wind power,About 80 per cent of EU citizens support wind power [REF].,Wind power in the European Union,https://en.wikipedia.org/wiki/Wind_power_in_the_European_Union
500,We should further exploit wind power,"According to a Saint Consulting survey in April 2007, wind power was the alternative energy source most likely to gain public support for future development in Canada, with only 16% opposed to this type of energy.",Wind power in Canada,https://en.wikipedia.org/wiki/Wind_power_in_Canada
501,We should further exploit wind power,The large wind energy project is expected to help boost regional socio-economic development and pave the way for further exploitation of renewable energy sources in the country.,Binh Thuan province,https://en.wikipedia.org/wiki/Binh_Thuan_province
502,We should further exploit wind power,Wind for Schools establishes Wind Application Centers at universities in target states that support the development of wind energy classes and degree programs.,Wind Powering America Initiative,https://en.wikipedia.org/wiki/Wind_Powering_America_Initiative
503,We should further exploit wind power,"The Alliance supports wind power as an energy source, and promotes many forms of renewables.",Alliance to Protect Nantucket Sound,https://en.wikipedia.org/wiki/Alliance_to_Protect_Nantucket_Sound
504,We should further exploit wind power,A Carbon Market Economics report projects over 10 GW of new wind power capacity by 2016 is possible if renewable energy targets are met [REF].,Energy policy of Australia,https://en.wikipedia.org/wiki/Energy_policy_of_Australia
505,We should further exploit wind power,"Nearly nine in ten Mainers agree that ""wind power can improve energy security and reduce Maine's dependence on fossil fuels, and eight in ten agree that wind power will produce jobs and other forms of economic benefits"" [REF].",Wind power in Maine,https://en.wikipedia.org/wiki/Wind_power_in_Maine
506,We should further exploit wind power,"According to a study by the New York State Energy Research and Development Authority, wind energy produces 27% more jobs per kilowatt-hour than coal plants and 66% more jobs than natural gas plants.",Community wind energy,https://en.wikipedia.org/wiki/Community_wind_energy
507,We should end international aid,"On March 12, 1947, to gain Congressional support for the aid, U.S. President Harry Truman described the aid as promoting democracy in defence of the ""free world"", a principle that became known as the Truman Doctrine [REF].",Aftermath of World War II,https://en.wikipedia.org/wiki/Aftermath_of_World_War_II
508,We should end international aid,"On 4 February 2010, travel networking site Vida Loca Travel announced that they would donate 5% of profits to International Medical Corps, as they feel that international aid can be more effective at cutting global warming in the long term than carbon offsetting, citing the work of economist Jeffrey Sachs [REF].",Carbon offset,https://en.wikipedia.org/wiki/Carbon_offset
509,We should end international aid,"On 31 March, the senior Eritrean diplomat Tsfamariam Tekeste said, ""Food aid in a normal situation cripples a society and the mentality of people.",2010 Sahel famine,https://en.wikipedia.org/wiki/2010_Sahel_famine
510,We should end international aid,The Aid model though has been criticized for supplanting trade initiatives[REF] Growing evidence is showing that foreign aid has made the continent poorer [REF].,Economy of Africa,https://en.wikipedia.org/wiki/Economy_of_Africa
511,We should end international aid,"World Bank president Paul Wolfowitz told donor countries to increase aid to poor nations, and wealthy nations to put Africa as the top of the priority list of poverty fighting [REF].",Singapore 2006,https://en.wikipedia.org/wiki/Singapore_2006
512,We should end international aid,"James Shikwati, a Kenyan economist, has argued that foreign aid causes harm to the recipient nations, specifically because aid is distributed by local politicians, finances the creation of corrupt government such as that led by Dr Fredrick Chiluba in Zambia bureaucracies, and hollows out the local economy.",Aid,https://en.wikipedia.org/wiki/Aid
513,We should end international aid,"Edward Walker, former ambassador to Egypt noted ""Aid offers an easy way out for Egypt to avoid reform.",Condoleezza Rice's tenure as Secretary of State,https://en.wikipedia.org/wiki/Condoleezza_Rice's_tenure_as_Secretary_of_State
514,We should end international aid,"Some think tanks and NGOs have argued that Western monetary aid often only serves to increase poverty and social inequality, either because it is conditioned with the implementation of harmful economic policies in the recipient countries,[REF] or because it's tied with the importing of products from the donor country over cheaper alternatives [REF].",Poverty reduction,https://en.wikipedia.org/wiki/Poverty_reduction
515,We should end international aid,The economist William Easterly and others have argued that aid can often distort incentives in poor countries in various harmful ways.,Aid,https://en.wikipedia.org/wiki/Aid
516,We should end international aid,"Moyo, who has a Doctorate in Economics from Oxford University, and a Masters from Harvard's Kennedy School of Government, believes foreign aid is ""easy money that fosters corruption and distorts economies, creating a culture of dependency and economic laziness.""[REF] .",Isaias Afewerki,https://en.wikipedia.org/wiki/Isaias_Afewerki
517,We should end international aid,"Barr asserts that foreign aid has ""proved to be a drain on the U.S. economy while doing little good for the recipients"", and that ""aid is routinely used by corrupt foreign governments to oppress their people and enrich powerful elites.",Political positions of Bob Barr,https://en.wikipedia.org/wiki/Political_positions_of_Bob_Barr
518,We should end international aid,"In July 2008, Myers wrote an article arguing that providing aid to Africa only results in increasing its population, and its problems [REF].",Kevin Myers,https://en.wikipedia.org/wiki/Kevin_Myers
519,We should end international aid,Mosley's result was further confirmed by Peter Boone who argued that aid is ineffective because it tends to finance consumption rather than investments.,Aid effectiveness,https://en.wikipedia.org/wiki/Aid_effectiveness
520,We should end international aid,"Executive Director Alison Weir writes that ending such aid would ""help bring peace to the Middle East, build a safer world and alleviate massive misery.""[REF]",If Americans Knew,https://en.wikipedia.org/wiki/If_Americans_Knew
521,We should end international aid,ACIAR forms part of the Australian Government's overseas aid program and works toward the aid program's objective of assisting developing countries to reduce poverty and achieve sustainable development in line with the national interest.,Australian Centre for International Agricultural Research,https://en.wikipedia.org/wiki/Australian_Centre_for_International_Agricultural_Research
522,We should end international aid,Graham also told Amir Sjarifuddin that the US would provide aid to help rebuild a free Indonesia [REF].,Renville Agreement,https://en.wikipedia.org/wiki/Renville_Agreement
523,We should end international aid,Economist such as Dambisa Moyo argues aid to Africa is making African countries poorer.,Isaias Afewerki,https://en.wikipedia.org/wiki/Isaias_Afewerki
524,We should end international aid,"Burnside and Dollar provide empirical evidence that the impact of aid on GDP growth is positive and significant in developing countries with ""sound"" institutions and economic policies (i.e.",Aid effectiveness,https://en.wikipedia.org/wiki/Aid_effectiveness
525,We should end international aid,"Kenyan economist James Shikwati says in an interview with Der Spiegel: ""aid to Africa does more harm than good"".",World Food Programme,https://en.wikipedia.org/wiki/World_Food_Programme
526,We should ban breast implants,Investigators interviewed Mas on 18 and 19 November 2010 after the French health authority AFSSAPS discovered the PIP breast implants did not conform to regulations.,Poly Implant Prothèse,https://en.wikipedia.org/wiki/Poly_Implant_Prothèse
527,We should ban breast implants,"Mental health The longitudinal study Excess Mortality from Suicide and other External Causes of Death Among Women with Cosmetic Breast Implants (2007), reported that women who sought breast implants are almost 3.0 times as likely to commit suicide as are women who have not sought breast implants.",Breast augmentation,https://en.wikipedia.org/wiki/Breast_augmentation
528,We should ban breast implants,"The U.S. National Institutes of Health states, ""Breast implants, using antiperspirants, and wearing underwire bras do not raise your risk for breast cancer.""[REF]",Dressed to Kill (book),https://en.wikipedia.org/wiki/Dressed_to_Kill_(book)
529,We should ban breast implants,Ministry of Health and Medical Education banned the breast implants and took them off the market in 2012.,Poly Implant Prothèse,https://en.wikipedia.org/wiki/Poly_Implant_Prothèse
530,We should ban breast implants,"Mental health In 2008, the longitudinal study Excess Mortality from Suicide and other External Causes of Death Among Women with Cosmetic Breast Implants (2007), reported that women who sought breast implants are almost 3.0 times as likely to commit suicide as are women who have not sought breast implants.",Breast implant,https://en.wikipedia.org/wiki/Breast_implant
531,We should ban breast implants,"The FDA warned the public that breast implants do carry medical risks, and recommended that women who undergo breast augmentation should periodically undergo MRI examinations to screen for signs of either shell rupture or of filler leakage, or both conditions; and ordered that breast surgery patients be provided with detailed, informational brochures explaining the medical risks of using silicone-gel breast implants [REF].",Breast implant,https://en.wikipedia.org/wiki/Breast_implant
532,We should ban breast implants,"In 2002, the U.S. Food and Drug Administration reviewed the studies on the human biological effects of breast-implant platinum, and reported little causal evidence of platinum toxicity to women with breast implants [REF].",Breast implant,https://en.wikipedia.org/wiki/Breast_implant
533,We should ban breast implants,"Since the 1990s, independent, comprehensive reviews of the studies seeking causal links between silicone-gel breast implants and systemic disease reported no causal link between the implants and subsequent systemic and autoimmune diseases [REF].",Breast augmentation,https://en.wikipedia.org/wiki/Breast_augmentation
534,We should ban breast implants,"After investigating, the U.S. FDA has concluded ""the weight of the epidemiological evidence published in the literature does not support an association between fibromyalgia and breast implants.""[REF][REF].",Breast implant,https://en.wikipedia.org/wiki/Breast_implant
535,We should ban breast implants,"The Institute of Medicine has reported that breast surgery, including breast implants or breast reduction surgery, reduces the chances that a woman will have sufficient milk to breast feed [REF].",Breastfeeding,https://en.wikipedia.org/wiki/Breastfeeding
536,We should ban breast implants,"In 2002, the U.S. Food and Drug Administration reviewed the pertinent studies on the human biological effects of breast-implant platinum, and reported little causal evidence of platinum toxicity to the women with breast implants [REF].",Breast augmentation,https://en.wikipedia.org/wiki/Breast_augmentation
537,We should ban breast implants,On 6 jan 2012 Germany's Federal Institute for Drugs and Medical Devices recommends the removal of PIP breast implants as a precaution [REF].,Poly Implant Prothèse,https://en.wikipedia.org/wiki/Poly_Implant_Prothèse
538,We should ban breast implants,"The long-term study of 25,000 women, Mortality among Canadian Women with Cosmetic Breast Implants (2006), reported that the ""findings suggest that breast implants do not directly increase mortality in women.""[REF] .",Breast implant,https://en.wikipedia.org/wiki/Breast_implant
539,We should ban breast implants,"Furthermore, after reviewing the research data of the study, and other pertinent literature, the U.S. FDA reported that the data do not support the findings presented; that the platinum used, in new-model breast-implant devices, likely is not ionized, and therefore is not a significant risk to the health of the women [REF].",Breast implant,https://en.wikipedia.org/wiki/Breast_implant
540,We should ban breast implants,"The study Mortality Among Canadian Women with Cosmetic Breast Implants (2006), about some 25,000 women with breast implants, reported a 43 per cent lower rate of breast cancer among them than among the general populace, and a lower-than-average risk of cancer [REF].",Breast implant,https://en.wikipedia.org/wiki/Breast_implant
541,We should ban breast implants,The Danish study Long-term Health Status of Danish Women with Silicone Breast Implants (2004) reported that women who had breast implants for an average of 19 years were no more likely to report an excessive number of rheumatic disease symptoms than would the women of the control group [REF].,Breast implant,https://en.wikipedia.org/wiki/Breast_implant
542,We should ban breast implants,"In 1992, the FDA placed silicone-gel breast implants in moratorium in the U.S., because there was ""inadequate information to demonstrate that breast implants were safe and effective"".",Breast implant,https://en.wikipedia.org/wiki/Breast_implant
543,We should ban breast implants,"Since the 1990s, reviews of the studies that sought causal links between silicone-gel breast implants and systemic disease reported no link between the implants and subsequent systemic and autoimmune diseases [REF].",Breast implant,https://en.wikipedia.org/wiki/Breast_implant
544,We should ban breast implants,"The IOM's review of the safety and efficacy of silicone gel-filled breast implants, reported that the ""evidence suggests diseases or conditions, such as connective tissue diseases, cancer, neurological diseases, or other systemic complaints or conditions are no more common in women with breast implants, than in women without implants""; subsequent studies and systemic review found no causal link between silicone breast implants and disease [REF].",Breast implant,https://en.wikipedia.org/wiki/Breast_implant
545,We should ban breast implants,"In addition to AIDS, Fumento's writing on science have covered other such topics as global warming, ADHD, obesity, the health dangers of breast implants, teen drug use, and Agrarian utopianism.",Michael Fumento,https://en.wikipedia.org/wiki/Michael_Fumento
546,We should ban breast implants,"In 1999, the Institute of Medicine published the Safety of Silicone Breast Implants (1999) study that reported no evidence that saline-filled and silicone-gel filled breast implant devices caused systemic health problems; that their use posed no new health or safety risks; and that local complications are ""the primary safety issue with silicone breast implants"", in distinguishing among routine and local medical complications and systemic health concerns.""[REF][REF][REF] .",Breast implant,https://en.wikipedia.org/wiki/Breast_implant
547,We should ban breast implants,"A 2008 study found an increased risk of ALCL of the breast in women with silicone breast implants, although the overall risk remained exceedingly low due to the rare occurrence of the tumor [REF].",Anaplastic large-cell lymphoma,https://en.wikipedia.org/wiki/Anaplastic_large-cell_lymphoma
548,We should abolish the right to keep and bear arms,"In its lobbying for gun rights, the NRA asserts the Second Amendment guarantees the right of individuals to bear arms.",National Rifle Association,https://en.wikipedia.org/wiki/National_Rifle_Association
549,We should abolish the right to keep and bear arms,"Gen. John D. Altenburg, Jr., et al., in the Supreme Court case of D.C. v Heller, arguing that the individual right of the people to keep and bear arms enhances the collective goal of supporting national defense, and that the dichotomy between individual right argued by Heller and collective militia right argued by D.C. is false: the Second Amendment protects both [REF].",American Hunters and Shooters Association,https://en.wikipedia.org/wiki/American_Hunters_and_Shooters_Association
550,We should abolish the right to keep and bear arms,Throughout the debate Baldwin repeated his party's pro-life platform and support for the right to bear arms [REF].,"Chuck Baldwin presidential campaign, 2008","https://en.wikipedia.org/wiki/Chuck_Baldwin_presidential_campaign,_2008"
551,We should abolish the right to keep and bear arms,"In the landmark case of District of Columbia v. Heller, Cruz assembled a coalition of 31 states in defense of the principle that the Second Amendment to the United States Constitution guarantees an individual right to keep and bear arms [REF].",Ted Cruz,https://en.wikipedia.org/wiki/Ted_Cruz
552,We should abolish the right to keep and bear arms,"""The Second Amendment deals directly with the right of an individual to keep and bear arms to protect themselves from an overreaching federal government,"" said Brodgon [REF].",Randy Brogdon,https://en.wikipedia.org/wiki/Randy_Brogdon
553,We should abolish the right to keep and bear arms,"In Parker v. District of Columbia, Silberman held that the District of Columbia's flat ban on the registration and carrying of firearms violated the Second Amendment right ""to keep and bear arms.""[REF]",Laurence H. Silberman,https://en.wikipedia.org/wiki/Laurence_H._Silberman
554,We should abolish the right to keep and bear arms,Ayotte supports an individual's right to bear arms and Second Amendment rights [REF].,Kelly Ayotte,https://en.wikipedia.org/wiki/Kelly_Ayotte
555,We should abolish the right to keep and bear arms,"On June 28, 2010, the US Supreme Court held, in a 5-4 decision in McDonald v. Chicago, that the Second Amendment to the United States Constitution was incorporated under the Fourteenth Amendment, thus protecting the right of an individual to ""keep and bear arms"" from local governments,[REF] and all but declared Mayor Jane Byrne's 1982 handgun ban unconstitutional [REF].",Richard M. Daley,https://en.wikipedia.org/wiki/Richard_M._Daley
556,We should abolish the right to keep and bear arms,Buerkle is outspoken and definitive in her support for the right to bear arms.,Ann Marie Buerkle,https://en.wikipedia.org/wiki/Ann_Marie_Buerkle
557,We should abolish the right to keep and bear arms,"In State v. Buzzard (1842, Ark), the Arkansas high court adopted a militia-based, political right, reading of the right to bear arms under state law, and upheld the 21st section of the second article of the Arkansas Constitution that declared, ""that the free white men of this State shall have a right to keep and bear arms for their common defense"",[REF] while rejecting a challenge to a statute prohibiting the carrying of concealed weapons.",Gun politics in the United States,https://en.wikipedia.org/wiki/Gun_politics_in_the_United_States
558,We should abolish the right to keep and bear arms,"Many gun rights advocates also read the Second Amendment to state that because of the need of a formal military, the people have a right to ""keep and bear arms"" as a protection from the government.",Political arguments of gun politics in the United States,https://en.wikipedia.org/wiki/Political_arguments_of_gun_politics_in_the_United_States
559,We should abolish the right to keep and bear arms,"June 28, 2010, Chicago gun control law struck down 5 to 4. ""The Fourteenth Amendment makes the Second Amendment right to keep and bear arms fully applicable to the States."" .",Gun politics in the United States,https://en.wikipedia.org/wiki/Gun_politics_in_the_United_States
560,We should abolish the right to keep and bear arms,The Second Amendment protects the right of the people to keep and bear arms.,Gun violence and gun control in Texas,https://en.wikipedia.org/wiki/Gun_violence_and_gun_control_in_Texas
561,We should abolish the right to keep and bear arms,"Kennedy sided with the conservative side of the Court, holding that the Second Amendment conferred an individual right to keep and bear arms.",Anthony Kennedy,https://en.wikipedia.org/wiki/Anthony_Kennedy
562,We should abolish the right to keep and bear arms,"The court noted that it had, prior to Heller, identified the Second Amendment as providing an individual right to bear arms, and had already, likewise, determined that restrictions on felon ownership of firearms did not violate this right.",Second Amendment to the United States Constitution,https://en.wikipedia.org/wiki/Second_Amendment_to_the_United_States_Constitution
563,We should abolish the right to keep and bear arms,"Karger is a supporter of the right to bear arms, and an opponent of gun control.",Fred Karger,https://en.wikipedia.org/wiki/Fred_Karger
564,We should abolish the right to keep and bear arms,The party also supports second amendment rights to bear arms by law abiding U.S citizens.,North Carolina Republican Party,https://en.wikipedia.org/wiki/North_Carolina_Republican_Party
565,We should abolish the right to keep and bear arms,"Despite his past, Joe no longer supports the unequivocal right to bear arms.",Liberty Stands Still,https://en.wikipedia.org/wiki/Liberty_Stands_Still
566,We should abolish the right to keep and bear arms,"In footnotes 40 and 41 of the Commentaries, Tucker stated that the right to bear arms under the Second Amendment was not subject to the restrictions that were part of English law: ""The right of the people to keep and bear arms shall not be infringed.",Second Amendment to the United States Constitution,https://en.wikipedia.org/wiki/Second_Amendment_to_the_United_States_Constitution
567,We should abolish the right to keep and bear arms,"The Justices asserted that sensible restrictions on the right to bear arms are constitutional however an outright ban on a specific type of firearm, in this case handguns, was in fact unconstitutional.",Concealed carry in the United States,https://en.wikipedia.org/wiki/Concealed_carry_in_the_United_States
568,We should abolish the right to keep and bear arms,"Heller was a landmark case because for the first time in United States history a Supreme Court decision defined the right to bear arms as constitutionally guaranteed to private citizens rather than a right restricted to ""well regulated militia[s]"".",Concealed carry in the United States,https://en.wikipedia.org/wiki/Concealed_carry_in_the_United_States
569,We should abolish the right to keep and bear arms,Thompson says citizens are entitled to keep and bear arms if they do not have criminal records[REF] and the Gun Owners of America says that he voted pro-gun in 20 of 33 gun-related votes during his time in the Senate [REF].,Fred Thompson,https://en.wikipedia.org/wiki/Fred_Thompson
570,We should abolish the right to keep and bear arms,VCDL is a non-partisan organization dedicated to defending the human rights of all Virginians and the proposition that the right to keep and bear arms is a fundamental human right.,Virginia Citizens Defense League,https://en.wikipedia.org/wiki/Virginia_Citizens_Defense_League
571,We should abolish the right to keep and bear arms,"George Mason argued the importance of the militia and right to bear arms by reminding his compatriots of England's efforts ""to disarm the people; that it was the best and most effectual way to enslave them . .",Second Amendment to the United States Constitution,https://en.wikipedia.org/wiki/Second_Amendment_to_the_United_States_Constitution
572,We should abolish the right to keep and bear arms,"Abolitionist Lysander Spooner, commenting on bills of rights, stated that the object of all bills of rights is to assert the rights of individuals against the government and that the Second Amendment right to keep and bear arms was in support of the right to resist government oppression, as the only security against the tyranny of government lies in forcible resistance to injustice, for injustice will certainly be executed, unless forcibly resisted [REF].",Second Amendment to the United States Constitution,https://en.wikipedia.org/wiki/Second_Amendment_to_the_United_States_Constitution
573,We should abolish the right to keep and bear arms,Among these opinions was one issued in August 2004 in which Bradbury concluded that the Second Amendment to the U.S. Constitution secures an individual right to keep and bear arms [REF].,Steven G. Bradbury,https://en.wikipedia.org/wiki/Steven_G._Bradbury
574,We should abolish the right to keep and bear arms,"Once again viewing federal relationships, the Supreme Court in McDonald v. Chicago (2010) determined that the right of an individual to ""keep and bear arms"" is protected by the Second Amendment.",United States Constitution,https://en.wikipedia.org/wiki/United_States_Constitution
575,We should abolish the right to keep and bear arms,"Thompson believes that the right to keep and bear arms is an individual right, rather than a power granted to government-controlled militias [REF].",Political positions of Fred Thompson,https://en.wikipedia.org/wiki/Political_positions_of_Fred_Thompson
576,We should abolish the right to keep and bear arms,"In the United States of America, the protection against infringement of the right to keep and bear arms is addressed in the Second Amendment to the United States Constitution.",Gun law in the United States,https://en.wikipedia.org/wiki/Gun_law_in_the_United_States
577,We should abolish the right to keep and bear arms,"The Second Amendment to the United States Constitution refers to a pre-existing right to keep and bear arms: A well regulated Militia, being necessary to the security of a free State, the right of the people to keep and bear Arms, shall not be infringed.[REF] .",Right to keep and bear arms,https://en.wikipedia.org/wiki/Right_to_keep_and_bear_arms
578,We should abolish the right to keep and bear arms,The majority opinion quoted Spooner from The Unconstitutionality of Slavery as saying that the right to bear arms was necessary for those who wanted to take a stand against slavery [REF].,Second Amendment to the United States Constitution,https://en.wikipedia.org/wiki/Second_Amendment_to_the_United_States_Constitution
579,We should abolish the right to keep and bear arms,"Obama has also stated his opposition to allowing citizens to carry concealed firearms[REF] and supports a national law outlawing the practice,[REF][REF] Following the Supreme Court decision that the ban was unconstitutional, he revised his position in support of the decision overturning the law, saying, ""Today's decision reinforces that if we act responsibly, we can both protect the constitutional right to bear arms and keep our communities and our children safe.""[REF]",Barack Obama social policy,https://en.wikipedia.org/wiki/Barack_Obama_social_policy
580,We should abolish the right to keep and bear arms,"In his concurring opinion, Justice Thomas alone supported overturning the Slaughter-House and Cruikshank decisions,[REF] proposing that ""the right to keep and bear arms is a privilege of American citizenship that applies to the States through the Fourteenth Amendment's Privileges or Immunities Clause.""[REF] .",McDonald v. Chicago,https://en.wikipedia.org/wiki/McDonald_v._Chicago
581,We should abolish the right to keep and bear arms,"Almost all Neo-Confederates strongly support the right to keep and bear arms, present in both the United States Constitution and the Confederate States Constitution.",Neo-Confederate,https://en.wikipedia.org/wiki/Neo-Confederate
582,We should abolish the right to keep and bear arms,"The Scalia majority invokes much historical material to support its finding that the right to keep and bear arms belongs to individuals; more precisely, Scalia asserts in the Court's opinion that the ""people"" to whom the Second Amendment right is accorded are the same ""people"" who enjoy First and Fourth Amendment protection: ""'The Constitution was written to be understood by the voters; its words and phrases were used in their normal and ordinary as distinguished from technical meaning.'",District of Columbia v. Heller,https://en.wikipedia.org/wiki/District_of_Columbia_v._Heller
583,We should abolish the right to keep and bear arms,"The individual right to bear arms for self defense was affirmed in the landmark United States Supreme Court cases District of Columbia v. Heller in 2008, which overturned a handgun ban in the Federal District of Columbia, and McDonald v. City of Chicago in 2010, which incorporated the individual right to the states.",Gun law in the United States,https://en.wikipedia.org/wiki/Gun_law_in_the_United_States
584,We should abolish the right to keep and bear arms,"Baldwin is a strong supporter of the Second Amendment, and he believes that the right to keep and bear arms should not be infringed by the government: A Baldwin Administration will uphold the right of the citizens to keep and bear arms and will oppose attempts to prohibit ownership of guns by law-abiding citizens, and, further, will stand against all laws which would require the registration of guns or ammunition. .",Chuck Baldwin,https://en.wikipedia.org/wiki/Chuck_Baldwin
585,We should abolish the right to keep and bear arms,"The Second Amendment protects 'the right of the people to keep and bear Arms,' and the Ninth and Tenth Amendments provide that certain rights and powers are retained by and reserved to 'the people.' See also U.S. Const., Amdt. 1 ('Congress shall make no law . .",Firearm case law in the United States,https://en.wikipedia.org/wiki/Firearm_case_law_in_the_United_States
586,We should abolish the right to keep and bear arms,"The Constitution, they wrote, secured ""the right to keep and bear arms for self-defense."" .",Necessity defense (New York),https://en.wikipedia.org/wiki/Necessity_defense_(New_York)
587,We should abolish the right to keep and bear arms,The Second Amendment to the Constitution of the United States gives a right to bear arms.,Black Panther Party,https://en.wikipedia.org/wiki/Black_Panther_Party
588,We should abolish the right to keep and bear arms,"The court then held that the Second Amendment ""protects an individual right to keep and bear arms"", saying that the right was ""premised on the private use of arms for activities such as hunting and self-defense, the latter being understood as resistance to either private lawlessness or the depredations of a tyrannical government (or a threat from abroad).""",District of Columbia v. Heller,https://en.wikipedia.org/wiki/District_of_Columbia_v._Heller
589,We should abolish the right to keep and bear arms,"While D.C. v. Heller was being heard by the Supreme Court in 2008, Holder joined the Reno-led amicus brief, which urged the Supreme Court to uphold Washington, D.C.'s handgun ban and said the position of the Department of Justice, from Franklin Roosevelt through Clinton, was that the Second Amendment does not protect an individual right to keep and bear arms for purposes unrelated to a State's operation of a well-regulated militia [REF].",Eric Holder,https://en.wikipedia.org/wiki/Eric_Holder
590,We should abolish the right to keep and bear arms,"praising Antonin Scalia's District of Columbia v. Heller decision, in which the Supreme Court of the United States held that the Second Amendment to the U.S. Constitution recognized an individual right to keep and bear arms.",Independent Women's Forum,https://en.wikipedia.org/wiki/Independent_Women's_Forum
591,We should abolish the right to keep and bear arms,The Second Amendment (Amendment II) to the United States Constitution is the part of the United States Bill of Rights that protects the right of the people to keep and bear arms.,Second Amendment to the United States Constitution,https://en.wikipedia.org/wiki/Second_Amendment_to_the_United_States_Constitution
592,We should abolish the right to keep and bear arms,"In the United States, the right to keep and bear arms is codified in the Second Amendment to the United States Constitution.",Right to keep and bear arms,https://en.wikipedia.org/wiki/Right_to_keep_and_bear_arms
593,We should abolish the right to keep and bear arms,"The bill states that it is acting to restore ""ancient rights"" trampled upon by James II, though some have argued that the English Bill of Rights created a new right to have arms, which developed out of a duty to have arms [REF].",Second Amendment to the United States Constitution,https://en.wikipedia.org/wiki/Second_Amendment_to_the_United_States_Constitution
594,We should abolish the right to keep and bear arms,"Akin was an outspoken opponent of abortion and embryonic stem cell research, a supporter of the right to keep and bear arms, and is generally opposed to increases in taxation and spending.",Todd Akin,https://en.wikipedia.org/wiki/Todd_Akin
595,We should abolish the right to keep and bear arms,"Led by Leon Woods, the goal of the NSF was to violently overthrow the U.S. government and restore the right of the nation's citizens to bear arms.",Organizations in Deus Ex,https://en.wikipedia.org/wiki/Organizations_in_Deus_Ex
596,We should abolish the right to keep and bear arms,"Thomas Jefferson also stated that the right to bear arms is necessary for the citizens to protect themselves from the ""tyranny in government""[REF] .",Political arguments of gun politics in the United States,https://en.wikipedia.org/wiki/Political_arguments_of_gun_politics_in_the_United_States
597,We should abolish the right to keep and bear arms,"Barnett has advanced the Standard Model interpretation that the Second Amendment protects an individual right to bear arms, albeit one subject to federal regulation under Congress's power to organize the militia in Article I, Sec. 8 of the Constitution.",Randy Barnett,https://en.wikipedia.org/wiki/Randy_Barnett
598,We should abolish the right to keep and bear arms,Jindal has stated his support of the Second Amendment's right to bear arms.,Bobby Jindal,https://en.wikipedia.org/wiki/Bobby_Jindal
599,We should abolish the right to keep and bear arms,Barr supports the right to bear arms as an individual right.,Political positions of Bob Barr,https://en.wikipedia.org/wiki/Political_positions_of_Bob_Barr
600,We should abolish the right to keep and bear arms,"In Heller and McDonald the U.S. Supreme Court supported the individual rights model, under which the Second Amendment protects the right to keep and bear arms much as the First Amendment protects the right to free speech.",Second Amendment to the United States Constitution,https://en.wikipedia.org/wiki/Second_Amendment_to_the_United_States_Constitution
601,We should further exploit wind turbines,"The project, created by the local Gorona del Viento El Hierro consortium with financial aid from the European Union, will construct five wind turbines of type E-70 capable of producing 11.5 megawatts of wind power to supply electricity for approximately 11,000 residents, an additional number of tourists, and three water desalination facilities.",El Hierro,https://en.wikipedia.org/wiki/El_Hierro
602,We should further exploit wind turbines,"In 2006, Romney opposed the Cape Wind offshore Cape Cod wind farm proposal[REF] because of its visual detriment to Nantucket, saying that Nantucket ""is a critical location for the state, and placing wind turbines there would be detrimental.""",Political positions of Mitt Romney,https://en.wikipedia.org/wiki/Political_positions_of_Mitt_Romney
603,We should further exploit wind turbines,"WindShare and its parent, the Toronto Renewable Energy Cooperative (TREC), have plans for more wind turbines.",WindShare,https://en.wikipedia.org/wiki/WindShare
604,We should further exploit wind turbines,The wind turbine typically produces enough electricity to supply the annual electricity needs of about 330 average homes.,OPG 7 commemorative turbine,https://en.wikipedia.org/wiki/OPG_7_commemorative_turbine
605,We should further exploit wind turbines,"In Australia, the Dunlite Corporation built hundreds of small wind generators to provide power at isolated postal service stations and farms.",History of wind power,https://en.wikipedia.org/wiki/History_of_wind_power
606,We should further exploit wind turbines,"Small-scale 'wind2heat' projects, which use wind turbines to power electrical storage heaters directly,[REF] have proven to be successful in remoter rural areas;[REF] as have various other local schemes such as air source heat pumps [REF].",Renewable energy in Scotland,https://en.wikipedia.org/wiki/Renewable_energy_in_Scotland
607,We should further exploit wind turbines,The commercial wind power industry has introduced steadily larger wind turbines to improve efficiency and the energy returned on energy invested.,OPG 7 commemorative turbine,https://en.wikipedia.org/wiki/OPG_7_commemorative_turbine
608,We should further exploit wind turbines,In January 2012 the Ontario Federation of Agriculture asked the Ontario government to put a moratorium on all wind turbine projects until health effects and other issues have been properly assessed.,Amherst Island,https://en.wikipedia.org/wiki/Amherst_Island
609,We should further exploit wind turbines,"In 2010, there were plans for GE to develop five wind turbines to generate 20 megawatts of power by 2012 with plans to generate 1,000 megawatts by 2020; one proposal called for ""gearless turbines"" with 176-long blades helped along with magnets [REF].",Lake Erie,https://en.wikipedia.org/wiki/Lake_Erie
610,We should further exploit wind turbines,"Through a partnership with NativeEnergy, an organization that supports and builds renewable energy products, Aveda has helped fund wind turbines.",Aveda,https://en.wikipedia.org/wiki/Aveda
611,We should further exploit wind turbines,"Another study published in Atmospheric Chemistry and Physics suggested that using wind turbines to meet 10 percent of global energy demand in 2100 could actually have a warming effect, causing temperatures to rise by in the regions on land where the wind farms are installed, including a smaller increase in areas beyond those regions.",Environmental impact of wind power,https://en.wikipedia.org/wiki/Environmental_impact_of_wind_power
612,We should further exploit wind turbines,"In June 2007, Pickens announced the intention to build the world's largest wind farm by installing large wind turbines in parts of four Texas Panhandle counties.",T. Boone Pickens,https://en.wikipedia.org/wiki/T._Boone_Pickens
613,We should further exploit wind turbines,"The German Government reports that in 2010 renewable energy (mainly wind turbines and biomass plants) generated more than 100 TWh (billion kilowatt-hours) of electricity, providing nearly 17% of the 600 TWh of electricity supplied [REF].",Renewable energy in Germany,https://en.wikipedia.org/wiki/Renewable_energy_in_Germany
614,We should further exploit wind turbines,"In the United States, an unofficial non-peer-reviewed estimate by a U.S. Fish & Wildlife Service (USFWS) scientist in 2009 claimed that wind turbines kill 440,000 birds per year, with future mortality expected to increase significantly as wind power generation expands by 2030 to levels about 12 times higher than 2009 levels [REF].",Environmental impact of wind power,https://en.wikipedia.org/wiki/Environmental_impact_of_wind_power
615,We should further exploit wind turbines,A 2007 report by the U.S. National Research Council noted that noise produced by wind turbines is generally not a major concern for humans beyond a half-mile or so.,Environmental impact of wind power,https://en.wikipedia.org/wiki/Environmental_impact_of_wind_power
616,We should further exploit wind turbines,"Starting in 1975, NASA was the technical manager for the United States Department of Energy and the United States Department of Interior of a program to develop utility-scale wind turbines for the production of electric power, in response to the increase in oil prices [REF].",NASA wind turbines,https://en.wikipedia.org/wiki/NASA_wind_turbines
617,We should further exploit wind turbines,"Some 200,000 small wind generators already play an important power generation role in agricultural and pastoral areas and according to government targets the national installed capacity of wind generators is to increase greatly.",Industry of the People's Republic of China,https://en.wikipedia.org/wiki/Industry_of_the_People's_Republic_of_China
618,We should further exploit wind turbines,The Waubra Foundation promotes the view that wind turbines cause ill health [REF].,Michael Wooldridge,https://en.wikipedia.org/wiki/Michael_Wooldridge
619,We should further exploit wind turbines,"The wind turbines will help determine which source of renewable energy is the most efficient for the state of Connecticut to use, as well as provide energy for the school.",Marvelwood School,https://en.wikipedia.org/wiki/Marvelwood_School
620,We should further exploit wind turbines,"Duke Energy also has agreements to erect -tall wind turbines on part of the site, generating electricity feeding the multistate power grid.",Prairie Hills Motorsports Club,https://en.wikipedia.org/wiki/Prairie_Hills_Motorsports_Club
621,We should further exploit wind turbines,"The development of renewable sources of energy in the 1970s and 80's, primarily in wind turbines and photovoltaics and increased use of hydroelectricity, presented some of the first sustainable alternatives to fossil fuel and nuclear energy generation, the first large-scale solar and wind power plants appearing during the 1980s and 90's [REF].",History of sustainability,https://en.wikipedia.org/wiki/History_of_sustainability
622,We should further exploit wind turbines,"The Red Hills Wind Farm includes 82 wind turbine generators that produce 123 MW of clean energy, enough to power more than 40,000 homes [REF].","Elk City, Oklahoma","https://en.wikipedia.org/wiki/Elk_City,_Oklahoma"
623,We should further exploit wind turbines,"For example, WinWinD, a company that creates innovative wind turbines, uses Digital Prototyping to optimize the energy production of wind-power turbines for varying wind conditions [REF].",Digital prototyping,https://en.wikipedia.org/wiki/Digital_prototyping
624,We should further exploit wind turbines,"In July 2010, Australia's National Health and Medical Research Council reported that ""there is no published scientific evidence to support adverse effects of wind turbines on health"" [REF].",Environmental impact of wind power,https://en.wikipedia.org/wiki/Environmental_impact_of_wind_power
625,We should further exploit wind turbines,"In a 2008 study released by the U.S. Department of Energy's Office of Energy Efficiency and Renewable Energy, the capacity factor achieved by the wind turbine fleet is shown to be increasing as the technology improves.",Wind power,https://en.wikipedia.org/wiki/Wind_power
626,We should further exploit wind turbines,"Researchers at the University of Alaska Fairbanks, United States estimate that a network of such lines, combined with coastal wind turbines, could substantially reduce rural Alaska's dependence on increasingly expensive diesel fuel for power generation [REF].",Single-wire earth return,https://en.wikipedia.org/wiki/Single-wire_earth_return
627,We should further exploit wind turbines,"Wind turbines are much more feasible for those living in rural areas[REF] and are one of the most cost-effective forms of renewable energy per kilowatt, approaching the cost of fossil fuels, and have quick paybacks [REF].",Sustainable living,https://en.wikipedia.org/wiki/Sustainable_living
628,We should further exploit wind turbines,"In the 1890s a Danish scientist, Poul la Cour, constructed wind turbines to generate electricity, which was then used to produce hydrogen[REF] for experiments and light and the Askov Highschool.",History of wind power,https://en.wikipedia.org/wiki/History_of_wind_power
629,We should legalize prostitution,"Liquor, gambling, and prostitution were ubiquitous, supported in Seattle by one of the city's founders, David Swinson ""Doc"" Maynard, who believed that well-run prostitution could be a functional part of the economy.",History of Washington (state),https://en.wikipedia.org/wiki/History_of_Washington_(state)
630,We should legalize prostitution,A law proposal [REF] was introduced in the House of Representatives of the Netherlands in 2009 and amended in 2010 which would ban prostitution by people younger than 21.,Prostitution in the Netherlands,https://en.wikipedia.org/wiki/Prostitution_in_the_Netherlands
631,We should legalize prostitution,Fernando Gabeira founder of the Green Party has been a strong voice for sex workers' rights in Brazil and introduced legislation in Congress to recognise prostitution as a profession.,Prostitution in Brazil,https://en.wikipedia.org/wiki/Prostitution_in_Brazil
632,We should legalize prostitution,"(WAP later came to strongly oppose prostitution as a form of exploitation of women, and critiqued pornography as a ""system of prostitution"".)[REF]",Women Against Pornography,https://en.wikipedia.org/wiki/Women_Against_Pornography
633,We should legalize prostitution,Many local officials believe that encouraging prostitution in recreational business operations will bring economic benefits by developing the tourism and hospitality industries and generating a significant source of tax revenue [REF].,Prostitution in the People's Republic of China,https://en.wikipedia.org/wiki/Prostitution_in_the_People's_Republic_of_China
634,We should legalize prostitution,"In 2005, Brazil wrote to the United States Agency for International Development (USAID) declining to condemn prostitution, effectively rejecting the remainder of a grant for $48 million between 2003 and 2006 [REF].",HIV/AIDS in Brazil,https://en.wikipedia.org/wiki/HIV/AIDS_in_Brazil
635,We should legalize prostitution,"The appellants' argument then, more precisely stated, is that in criminalizing so many activities surrounding the act itself, Parliament has made prostitution de facto illegal if not de jure illegal."",",Prostitution in Canada,https://en.wikipedia.org/wiki/Prostitution_in_Canada
636,We should legalize prostitution,"Many people who support legal prostitution argue that prostitution is a consensual sex act between adults and a victimless crime, thus the government should not prohibit this practice.",Prostitution law,https://en.wikipedia.org/wiki/Prostitution_law
637,We should legalize prostitution,Some commentators in China and overseas contend that the PRC's policy of banning prostitution is problematic because it hinders the task of developing measures to prevent the spread of HIV [REF].,Prostitution in the People's Republic of China,https://en.wikipedia.org/wiki/Prostitution_in_the_People's_Republic_of_China
638,We should legalize prostitution,"In July 1941, President Franklin D. Roosevelt had signed into law a federal ban on prostitution near naval and military bases [REF].",San Antonio Sporting District,https://en.wikipedia.org/wiki/San_Antonio_Sporting_District
639,We should legalize prostitution,"As noted by the US report, Some Canadian NGOs such as Vancouver Rape Relief [REF] and Sisyphe [REF] believe that keeping prostitution illegal is the best way to prevent human trafficking, forced prostitution, child prostitution and similar abusive activities.",Human trafficking in Canada,https://en.wikipedia.org/wiki/Human_trafficking_in_Canada
640,We should legalize prostitution,"Many anti-prostitution advocates hold all prostitutes are themselves victims, arguing that prostitution is a practice which can lead to serious psychological and often physical long term effects for the prostitutes [REF].",Prostitution law,https://en.wikipedia.org/wiki/Prostitution_law
641,We should legalize prostitution,"Over the years, India has seen a growing mandate to legalize prostitution, to avoid exploitation of sex workers and their children by middlemen and in the wake of a growing HIV/AIDS menace.",Prostitution in India,https://en.wikipedia.org/wiki/Prostitution_in_India
642,We should legalize prostitution,The PRC rejects the argument that prostitution is an unremarkable transaction between consenting individuals and that prohibition laws constitute a violation of civil liberties.,Prostitution in the People's Republic of China,https://en.wikipedia.org/wiki/Prostitution_in_the_People's_Republic_of_China
643,We should legalize prostitution,"On November 3, 2009, Governor Donald Carcieri signed into law a bill which makes the buying and selling of sexual services a crime [REF].",Prostitution in Rhode Island,https://en.wikipedia.org/wiki/Prostitution_in_Rhode_Island
644,We should legalize prostitution,"[REF] Ethnographical research on street prostitution, done by Alexandra Oliveira, of University of Porto [REF] has led the researcher to argue that prostitution should be legalized to improve the situation of the women [REF].",Prostitution in Portugal,https://en.wikipedia.org/wiki/Prostitution_in_Portugal
645,We should legalize prostitution,"Anti-prostitution feminists hold that prostitution is a form of exploitation of women and male dominance over women, and a practice which is the result of the existing patriarchal societal order.",Feminist views on prostitution,https://en.wikipedia.org/wiki/Feminist_views_on_prostitution
646,We should legalize prostitution,"Although all forms of sexual activity outside of marriage were regarded as sinful by the Roman Catholic Church, prostitution was tolerated because it was held to prevent the greater evils of rape, sodomy, and masturbation (McCall, 1979).",Prostitution,https://en.wikipedia.org/wiki/Prostitution
647,We should legalize prostitution,Majoor strongly believes that prostitution is a profession that all countries should legalize [REF].,Prostitution Information Center,https://en.wikipedia.org/wiki/Prostitution_Information_Center
648,We should legalize prostitution,"Farley is a leading proponent of the abolitionist view of prostitution[REF] holding that prostitution is inherently exploitive and traumatizing, and should therefore be abolished.",Melissa Farley,https://en.wikipedia.org/wiki/Melissa_Farley
649,We should legalize prostitution,"Giuliano Amato, Minister of Institutional Reforms, suggested that instead the client should be penalised and Antonio Di Pietro (Lista Di Pietro) introduced a bill into the Senate but raised the ire of feminist politicians, in particular Livia Turco who emphasised that prostitution should be decriminalised and only true abuse be penalised.",Prostitution in Italy,https://en.wikipedia.org/wiki/Prostitution_in_Italy
650,We should legalize prostitution,"The proponents of the abolitionist view hold that prostitution is a practice which ultimately leads to the mental, emotional and physical destruction of the women who engage in it, and, as such, it should be abolished.",Forced prostitution,https://en.wikipedia.org/wiki/Forced_prostitution
651,We should legalize prostitution,"Scott Anderson explains, ""prostitution plays a key role in sustaining the social inequality of women.",Feminist Sex Wars,https://en.wikipedia.org/wiki/Feminist_Sex_Wars
652,We should legalize prostitution,"Mayor Goodman supports legalizing prostitution in the city's downtown area as a revenue generator and tool for revitalization,[REF] although a majority of Nevadans polled in 2003 opposed the mayor's position [REF].",Oscar Goodman,https://en.wikipedia.org/wiki/Oscar_Goodman
653,We should legalize prostitution,The current majority Conservative government supports the prohibition of prostitution.,Prostitution in Canada,https://en.wikipedia.org/wiki/Prostitution_in_Canada
654,We should legalize prostitution,"In a February 2002 National Security Presidential Directive, President George W. Bush wrote: ""The United States opposes prostitution and any related activities, including pimping, pandering, and/or maintaining brothels as contributing to the phenomenon of trafficking in persons.",Anti-prostitution pledge,https://en.wikipedia.org/wiki/Anti-prostitution_pledge
655,We should legalize prostitution,"The highest courts of Germany repeatedly ruled that prostitution offends good moral order (verstößt gegen die guten Sitten), with several legal consequences.",Prostitution in Germany,https://en.wikipedia.org/wiki/Prostitution_in_Germany
656,We should legalize prostitution,"The Association for the Promotion of Women in Romania opposes legalized prostitution, as they view prostitution as ""another form of violence against women and girls"" [REF].",Prostitution in Europe,https://en.wikipedia.org/wiki/Prostitution_in_Europe
657,We should legalize prostitution,"Feminists who hold such views on prostitution include Kathleen Barry, Melissa Farley,[REF][REF] Julie Bindel,[REF][REF] Sheila Jeffreys, Catharine MacKinnon[REF] and Laura Lederer;[REF] the European Women's Lobby has also condemned prostitution as ""an intolerable form of male violence"" [REF].",Feminism,https://en.wikipedia.org/wiki/Feminism
658,We should legalize prostitution,"In 1990, the Supreme Court of Canada upheld the law which bans public solicitation of prostitution, arguing that the law had the goal to abolish prostitution, which was a valid goal.",Prostitution in Canada,https://en.wikipedia.org/wiki/Prostitution_in_Canada
659,We should legalize prostitution,Opinion polls have shown that up to 70% of the population supports banning the purchase of sexual services [REF].,Prostitution in Europe,https://en.wikipedia.org/wiki/Prostitution_in_Europe
660,We should legalize prostitution,The Swedish Government believes that women selling sexual services to men constitutes a form of violence against women which should be eliminated by reducing demand.,Prostitution in Sweden,https://en.wikipedia.org/wiki/Prostitution_in_Sweden
661,We should legalize prostitution,"""According to the National Criminal Police, it is clear that the ban on the purchase of sexual services acts as a barrier to human traffickers and procurers considering establishing themselves in Sweden"".",Prostitution in Sweden,https://en.wikipedia.org/wiki/Prostitution_in_Sweden
662,We should legalize prostitution,"According to a Portuguese Government spokesperson ""The Government's opinion was that prostitution was not a crime.",Prostitution in Portugal,https://en.wikipedia.org/wiki/Prostitution_in_Portugal
663,We should legalize prostitution,"In the interim Louis IX (1226-1270) attempted to ban prostitution in December 1254, with disastrous social consequences and widespread protests.",Prostitution in France,https://en.wikipedia.org/wiki/Prostitution_in_France
664,We should legalize prostitution,The federal and provincial governments argued that prostitution is exploitative and harmful to the community [REF].,Bedford v. Canada,https://en.wikipedia.org/wiki/Bedford_v._Canada
665,We should legalize prostitution,"On November 3, governor Donald Carcieri signed into law a bill which makes the buying and selling of sexual services a crime [REF].",Prostitution in the United States,https://en.wikipedia.org/wiki/Prostitution_in_the_United_States
666,We should legalize prostitution,"A report produced by the Australian Institute of Criminology in May 1990 recommended that prostitution not be a criminal offence, since the current laws were ineffective and endangered sex workers.",Prostitution in Australia,https://en.wikipedia.org/wiki/Prostitution_in_Australia
667,We should legalize prostitution,Anti-prostitution feminists point out prostitution is obviously harmful in many ways to those who are directly involved in it.,Feminist Sex Wars,https://en.wikipedia.org/wiki/Feminist_Sex_Wars
668,We should legalize prostitution,"In the 1990s, Dutch attitudes supported the legalization of prostitution: in a 1997 survey, 73 percent of Dutch citizens favored legalization of brothels, 74 percent said that prostitution was an ""acceptable job,"" and in a 1999 poll 78 percent felt that prostitution is a job like any other job (polls cited in Weitzer 2000, p. 178).",Prostitution in the Netherlands,https://en.wikipedia.org/wiki/Prostitution_in_the_Netherlands
669,We should legalize prostitution,A number of established businesses have claimed that the open prostitution hurts their business[REF] such as a VIPS restaurant that states that the number of patrons decreases significantly at night [REF].,Colonia San Rafael,https://en.wikipedia.org/wiki/Colonia_San_Rafael
670,We should legalize prostitution,"On November 3, 2009, Rhode Island Governor Donald Carcieri signed into law a bill making the buying and selling of sexual services a crime [REF].",David Cicilline,https://en.wikipedia.org/wiki/David_Cicilline
671,We should legalize prostitution,"The Austrian Federal Ministry of the Interior considers the illegal prostitution as a problem because it comes along with crimes like human trafficking, pimping and rape.",Prostitution in Austria,https://en.wikipedia.org/wiki/Prostitution_in_Austria
672,We should legalize prostitution,"On September 2, 2009, Cicilline submitted an ordinance to the City Council to ban indoor prostitution in the city, imposing a $500 fine and a potential 30-day prison sentence on violators [REF].",David Cicilline,https://en.wikipedia.org/wiki/David_Cicilline
673,We should ban corporal punishment in the home,"The Australian Psychological Society holds that corporal punishment of children is an ineffective method of deterring unwanted behavior, promotes undesirable behaviors and fails to demonstrate an alternative desirable behavior [REF].",Corporal punishment in the home,https://en.wikipedia.org/wiki/Corporal_punishment_in_the_home
674,We should ban corporal punishment in the home,"The Fiskes were opposed to spanking[REF] or corporal punishment of children, indeed, punishment of any kind; and most schools of the time used corporal punishment.",Quarry Hill Creative Center,https://en.wikipedia.org/wiki/Quarry_Hill_Creative_Center
675,We should ban corporal punishment in the home,"Another 1983 law made the corporal punishment of children illegal, as it was in the other Nordic countries [REF].",Social security in Finland,https://en.wikipedia.org/wiki/Social_security_in_Finland
676,We should ban corporal punishment in the home,"In 2006-2007, Peter Dunne decided to vote in favour of a bill banning parental corporal punishment of children, while his surviving party caucus-members, Gordon Copeland and Judy Turner voted against it.",Christian politics in New Zealand,https://en.wikipedia.org/wiki/Christian_politics_in_New_Zealand
677,We should ban corporal punishment in the home,"During the tenure of Helen Clark's New Zealand Labour Party administration, prostitution law reform (2003), lesbian/gay civil unions (2005) and the repeal of laws that permitted parental corporal punishment of children (2007) became law.",Family values,https://en.wikipedia.org/wiki/Family_values
678,We should ban corporal punishment in the home,"A 1996 literature review by Robert Larzelere suggested that, in some circumstances, corporal punishment of children can increase short-term compliance with parental commands.",Corporal punishment in the home,https://en.wikipedia.org/wiki/Corporal_punishment_in_the_home
679,We should ban corporal punishment in the home,"In the United Kingdom, the Royal College of Paediatrics and Child Health and the Royal College of Psychiatrists have both called for a complete ban on all corporal punishment, stating ""We believe it is both wrong and impracticable to seek to define acceptable forms of corporal punishment of children.",Corporal punishment in the home,https://en.wikipedia.org/wiki/Corporal_punishment_in_the_home
680,We should ban corporal punishment in the home,"Since 1979, 30 countries around the world (at 2011) have outlawed domestic corporal punishment of children [REF].",Spanking,https://en.wikipedia.org/wiki/Spanking
681,We should ban corporal punishment in the home,Straus adduced evidence for the view that exposure to parental corporal punishment increases the risk of aggressive conduct in children and adolescents [REF].,School violence,https://en.wikipedia.org/wiki/School_violence
682,We should ban corporal punishment in the home,"Domestic corporal punishment has now (2009) been outlawed in 24 countries around the world, most of them in Europe or Latin America, beginning with Sweden in 1979.",Child discipline,https://en.wikipedia.org/wiki/Child_discipline
683,We should ban corporal punishment in the home,"Currently, 29 countries have introduced a comprehensive legal ban prohibiting violence in all settings, including corporal punishment in the home.",Marta Santos Pais,https://en.wikipedia.org/wiki/Marta_Santos_Pais
684,We should ban corporal punishment in the home,"Since 1979, 29 countries around the world (at 2010) have outlawed domestic corporal punishment of children [REF].",Corporal punishment in the home,https://en.wikipedia.org/wiki/Corporal_punishment_in_the_home
685,We should ban corporal punishment in the home,"In the United States, corporal punishment of children by their parents remains lawful in all 50 states.",Child discipline,https://en.wikipedia.org/wiki/Child_discipline
686,We should increase wealth redistribution,"Long created the Share Our Wealth program in 1934 with the motto ""Every Man a King"", proposing new wealth redistribution measures in the form of a net asset tax on corporations and individuals to curb the poverty and homelessness endemic nationwide during the Great Depression.",Huey Long,https://en.wikipedia.org/wiki/Huey_Long
687,We should increase wealth redistribution,"Yet, supply-siders such as Jude Wanniski have argued for lower tax rates to increase tax revenues, and that redistribution of income through taxation was essential to the health of the polity -- a view that is anathema to traditional conservatives.",Supply-side economics,https://en.wikipedia.org/wiki/Supply-side_economics
688,We should increase wealth redistribution,"In general, Rockefeller Republicans oppose socialism and the redistribution of wealth while supporting some pragmatic regulation of business and federal social programs in matters pertaining to the public good.",Rockefeller Republican,https://en.wikipedia.org/wiki/Rockefeller_Republican
689,We should increase wealth redistribution,Congress believed that the projected huge redistribution of income from energy consumers to energy producers would not be fair [REF].,Windfall profits tax,https://en.wikipedia.org/wiki/Windfall_profits_tax
690,We should increase wealth redistribution,"Moran has said he supports the redistribution of wealth, saying in November 2008 that ""We have been guided by a Republican administration who believes in this simplistic notion that people who have wealth are entitled to keep it and they have an antipathy towards the means of redistributing wealth.""[REF]",Jim Moran,https://en.wikipedia.org/wiki/Jim_Moran
691,We should increase wealth redistribution,"By the late 1930s, with industrial development increasing in the country, Nacionalistas promoted a policy of progressive income redistribution to allow more money to be with wage-earners and thus allowing them to invest and widen the economy and increase industrial growth [REF].",Nacionalismo (Argentine political movement),https://en.wikipedia.org/wiki/Nacionalismo_(Argentine_political_movement)
692,We should increase wealth redistribution,"In 1935, Roosevelt called for a tax program called the Wealth Tax Act to redistribute wealth, in which he proposed to increase inheritance tax, a gift tax, a severely graduated income tax, and a corporate income tax scaled according to income.",New Deal,https://en.wikipedia.org/wiki/New_Deal
693,We should increase wealth redistribution,"Xie believes that to keep China from being an export dependent economy, the PRC government will need to redistribute the wealth to its citizens [REF].",Andy Xie,https://en.wikipedia.org/wiki/Andy_Xie
694,We should increase wealth redistribution,"With sociologist Darrick Hamilton, Darity has proposed a federal wealth redistribution program aimed at remediated the racial wealth gap [REF].","Sandy Darity, Jr.","https://en.wikipedia.org/wiki/Sandy_Darity,_Jr."
695,We should increase wealth redistribution,"Walter E. Williams, professor of economics at George Mason University, stated ""Government income redistribution programs produce the same result as theft.",Tax,https://en.wikipedia.org/wiki/Tax
696,We should increase wealth redistribution,"Macdonald consistently called for a more equitable redistribution of wealth, so that poorer provinces such as Nova Scotia, could share fully in Canada's prosperity [REF].",Angus Lewis Macdonald,https://en.wikipedia.org/wiki/Angus_Lewis_Macdonald
697,We should increase wealth redistribution,"Since he was elected Prime Minister of Jamaica in 1972, Michael Manley pursued a socialist agenda intended to redistribute wealth by nationalizing the country's major export industries.",One Love Peace Concert,https://en.wikipedia.org/wiki/One_Love_Peace_Concert
698,We should subsidize condoms,"Hummes has publicly rebuked priests who have suggested that condoms be used to help prevent the spread of HIV/AIDS, instead sticking closely to orthodox Vatican doctrine [REF].",Cláudio Hummes,https://en.wikipedia.org/wiki/Cláudio_Hummes
699,We should subsidize condoms,"In 2009, she criticized Pope Benedict XVI over his comments that condoms only worsen the AIDS crisis [REF].",Laurette Onkelinx,https://en.wikipedia.org/wiki/Laurette_Onkelinx
700,We should subsidize condoms,"Studies have shown that condom availability programs in high schools may lower the risk of HIV, STDs, and teen pregnancy.",Adolescent sexuality,https://en.wikipedia.org/wiki/Adolescent_sexuality
701,We should subsidize condoms,The 2000 NIH review concluded that condom use significantly reduces the risk of gonorrhea for men [REF].,Condom,https://en.wikipedia.org/wiki/Condom
702,We should subsidize condoms,"In 2007, Malaysia's Ministry of Health was banned from advocating the use of condoms to prevent the spread of the disease due to a concern that such a campaign would be equated with a governmental endorsement of sexual conduct outside of a legal marriage [REF].",LGBT rights in Malaysia,https://en.wikipedia.org/wiki/LGBT_rights_in_Malaysia
703,We should subsidize condoms,"Given the premise that some adolescents are going to have sex, a harm-reductionist approach supports a sexual education which emphasizes the use of protective devices like condoms and dental dams to protect against unwanted pregnancy and the transmission of STIs.",Harm reduction,https://en.wikipedia.org/wiki/Harm_reduction
704,We should subsidize condoms,"Alternatively, the Roman Catholic organization Human Life International says that ""condoms are adding to the problem, not solving it"" and that ""The government of Uganda believes its people have the human capacity to change their risky behaviors.""[REF] .",HIV/AIDS in Uganda,https://en.wikipedia.org/wiki/HIV/AIDS_in_Uganda
705,We should subsidize condoms,"In 2009, Pope Benedict XVI asserted that handing out condoms is not the solution to combating AIDS and actually makes the problem worse [REF].",Natural family planning,https://en.wikipedia.org/wiki/Natural_family_planning
706,We should subsidize condoms,"Pope John Paul II strongly opposed the use of artificial birth control, and rejected the use of condoms to prevent the spread of HIV [REF].",Religion and AIDS,https://en.wikipedia.org/wiki/Religion_and_AIDS
707,We should subsidize condoms,Two surveys conducted in New York in 1890 and 1900 found that 45% of the women surveyed were using condoms to prevent pregnancy [REF].,History of condoms,https://en.wikipedia.org/wiki/History_of_condoms
708,We should subsidize condoms,"The Church is concerned that promotion of condom use will lead to irresponsible, risky sexual behavior (promiscuity and prostitution).",Catholic Church and AIDS,https://en.wikipedia.org/wiki/Catholic_Church_and_AIDS
709,We should subsidize condoms,"Joseph McIlhaney, a Texas-based doctor known for his published beliefs rejecting the use of condoms to prevent the spread of HIV and other sexually transmitted diseases, and his continued advocacy of abstinence-only programs despite negligible evidence that they actually reduce pregnancy rates among young people.",Presidential Advisory Council on HIV/AIDS,https://en.wikipedia.org/wiki/Presidential_Advisory_Council_on_HIV/AIDS
710,We should subsidize condoms,"In 2009, Cardinal Maradiaga agreed with the Pope that condoms cannot be of any real benefit in the fight against AIDS [REF].",Óscar Andrés Rodríguez Maradiaga,https://en.wikipedia.org/wiki/Óscar_Andrés_Rodríguez_Maradiaga
711,We should subsidize condoms,"Empirical evidence suggests that, although condoms do not guarantee the perfect prevention of STD transmission[REF], condoms greatly reduce the risks of transmission [REF].",Catholic Church and AIDS,https://en.wikipedia.org/wiki/Catholic_Church_and_AIDS
712,We should subsidize condoms,"In 2009, Pope Benedict XVI asserted that handing out condoms is not the solution to combating AIDS and might make the problem worse [REF].",Christian views on contraception,https://en.wikipedia.org/wiki/Christian_views_on_contraception
713,We should subsidize condoms,"Education, female economic independence, safe sex practices and consistent condom use are proven effective measures against HIV transmission [REF].",Circumcision and HIV,https://en.wikipedia.org/wiki/Circumcision_and_HIV
714,We should subsidize condoms,"Dr. Rene Bullecer of AIDS Free Philippines criticized the use of condoms as ""not the appropriate solution to the rising HIV cases"" He said that ""the distribution of condoms is even a form of discrimination against women, particularly those working in bars, because 'it's as if the government is branding all of them as prostitutes.'""[REF]",HIV/AIDS in the Philippines,https://en.wikipedia.org/wiki/HIV/AIDS_in_the_Philippines
715,We should subsidize condoms,The United States government only recommends condom use to prevent hepatitis C transmission in those with multiple partners [REF].,Hepatitis C,https://en.wikipedia.org/wiki/Hepatitis_C
716,We should subsidize condoms,"Catholics for Choice, a dissident group, maintains that condom use will prevent the spread of AIDS, since couples will have sex despite Vatican prohibition [REF].",Catholic Church and AIDS,https://en.wikipedia.org/wiki/Catholic_Church_and_AIDS
717,We should subsidize condoms,"In March 2009, he criticized Pope Benedict XVI over his comments that condoms will only worsen the AIDS crisis, saying that as a Christian, he felt that such declarations were totally unacceptable [REF].",Alain Juppé,https://en.wikipedia.org/wiki/Alain_Juppé
718,We should subsidize condoms,A 1999 meta-analysis of studies of condom use showed that the consistent use of latex condoms reduces the risk of sexual transmission of HIV by about 85% [REF].,HIV,https://en.wikipedia.org/wiki/HIV
719,We should subsidize condoms,A 2006 study reports that proper condom use decreases the risk of transmission of human papillomavirus to women by approximately 70% [REF].,Condom,https://en.wikipedia.org/wiki/Condom
720,We should subsidize condoms,"In 2003, contrary to empirical evidence, the president of the Vatican's Pontifical Council for the Family - ""senior spokesman"" Cardinal Alfonso Lopez Trujillo - claimed that condoms are permeable to the aids virus.",Catholic Church and AIDS,https://en.wikipedia.org/wiki/Catholic_Church_and_AIDS
721,We should subsidize condoms,"Harvard Director Edward Green concluded that the ""best studies"" show that more condoms promote the spread of AIDS [REF].",Reproductive Health Bill,https://en.wikipedia.org/wiki/Reproductive_Health_Bill
722,We should subsidize condoms,"In 2009, Lewis strongly criticized Pope Benedict XVI's assertion that condom use only makes the AIDS crisis worse [REF].",Stephen Lewis,https://en.wikipedia.org/wiki/Stephen_Lewis
723,We should subsidize condoms,"Some senior Catholic authorities, such as Belgian Cardinal Emeritus Godfried Danneels, believe the Catholic Church should support condoms used to prevent serious diseases such as AIDS, because non-use is tantamount to murder.",Christian views on contraception,https://en.wikipedia.org/wiki/Christian_views_on_contraception
724,We should subsidize condoms,"In 2009, she declared herself to be ""profoundly shocked"" by statements of Pope Benedict XVI which claimed that condoms promote AIDS, although they in fact help prevent it.",Ségolène Royal,https://en.wikipedia.org/wiki/Ségolène_Royal
725,We should subsidize condoms,"""Statistics show that condoms really have not been very effective,"" Tobias told a news conference in Berlin on April 21, 2004 [REF].",Randall L. Tobias,https://en.wikipedia.org/wiki/Randall_L._Tobias
726,We should subsidize condoms,"Some senior Catholic authorities, such as Belgian Cardinal Emeritus Godfried Danneels, believe the Catholic Church should support condoms used to prevent serious diseases such as AIDS, because non-use is tantamount to murder [REF].",Natural family planning,https://en.wikipedia.org/wiki/Natural_family_planning
727,We should subsidize condoms,"Green said that according to the ""best studies,"" condoms makes people take wilder sexual risks, thus worsening the spread of the disease.",HIV/AIDS in the Philippines,https://en.wikipedia.org/wiki/HIV/AIDS_in_the_Philippines
728,We should subsidize condoms,"Armand Razafimahefa, former head of the Madagascar's Protestant Church, was quoted as saying: ""I am firmly opposed to the use of the condom as a means of fighting AIDS, because it promotes promiscuity.""[REF] .",Religion and AIDS,https://en.wikipedia.org/wiki/Religion_and_AIDS
729,We should subsidize condoms,"In his capacity as Director of Foreign Assistance, Tobias encouraged sexual abstinence, and discounted the use of condoms, in preventing HIV/AIDS.",Randall L. Tobias,https://en.wikipedia.org/wiki/Randall_L._Tobias
730,We should subsidize condoms,Jackson has agreed with Pope Benedict XVI's belief that condoms promote AIDS [REF].,"Harry R. Jackson, Jr.","https://en.wikipedia.org/wiki/Harry_R._Jackson,_Jr."
731,We should subsidize condoms,"In 1987, Tufts University students Davin Wedel and Adam Glickman started Global Protection Corp. in response to C. Everett Koop's statement that ""a condoms can save your life.""",History of condoms,https://en.wikipedia.org/wiki/History_of_condoms
732,We should subsidize condoms,"Pope Benedict XVI stated in 2005 that condoms were not a sufficient solution to the AIDS crisis,[REF] but then in 2009 claimed that AIDS ""cannot be overcome through the distribution of condoms, which even aggravates the problems.""[REF]",Religion and AIDS,https://en.wikipedia.org/wiki/Religion_and_AIDS
733,We should subsidize condoms,"A few, such as Belgian Cardinal Godfried Danneels, believe the Catholic Church should actively support condoms used to prevent disease, especially serious diseases such as AIDS [REF].",Condom,https://en.wikipedia.org/wiki/Condom
734,We should subsidize condoms,"According to a 2000 report by the National Institutes of Health (NIH), correct and consistent use of latex condoms reduces the risk of HIV/AIDS transmission by approximately 85% relative to risk when unprotected, putting the seroconversion rate (infection rate) at 0.9 per 100 person-years with condom, down from 6.7 per 100 person-years.",Condom,https://en.wikipedia.org/wiki/Condom
735,We should subsidize condoms,"Dr. Bernardo Villegas cites the work of Dr. Edward C. Green, Director of Harvard's AIDS Prevention Center to say that more condoms promote the spread of AIDS.",HIV/AIDS in the Philippines,https://en.wikipedia.org/wiki/HIV/AIDS_in_the_Philippines
736,We should subsidize condoms,Bishop Kevin Dowling believes that the Catholic Church should reverse its position on the use of condoms to prevent HIV transmission [REF].,Catholic Church and AIDS,https://en.wikipedia.org/wiki/Catholic_Church_and_AIDS
737,We should subsidize condoms,Early 20th century experiments by the American military concluded that providing condoms to soldiers significantly lowered rates of sexually transmitted diseases [REF].,Condom,https://en.wikipedia.org/wiki/Condom
738,We should subsidize condoms,"In response to these findings, and to fight the spread of AIDS, the U.S. Surgeon General Dr. C. Everett Koop supported condom promotion programs.",History of condoms,https://en.wikipedia.org/wiki/History_of_condoms
739,We should subsidize condoms,"In addition, the World Bank in a 1994 report pointed out the ""high prevalence of sexually transmitted diseases and the low use of condoms"" as a significant health threat with regard to the spread of acquired immune deficiency syndrome (AIDS), which already affected the islands.",Health in Comoros,https://en.wikipedia.org/wiki/Health_in_Comoros
740,We should subsidize condoms,"Pro-life groups refer to the Director of Harvard's Aid Prevention Center, Edward C. Green, who said that the ""best evidence"" agrees with Benedict XVI's statement that condom distribution risked exacerbating the spread of the virus, because availability of condoms leads to riskier sexual behavior [REF].",Reproductive Health Bill,https://en.wikipedia.org/wiki/Reproductive_Health_Bill
741,We should subsidize condoms,"According to reports by the National Institutes of Health (NIH) and World Health Organization, correct and consistent use of latex condoms reduces the risk of HIV/AIDS transmission by approximately 85%-99% relative to risk when unprotected [REF].",Sexual intercourse,https://en.wikipedia.org/wiki/Sexual_intercourse
742,We should subsidize condoms,"The Church maintains that countries like Kenya where behavioral changes like abstinence are endorsed instead of condom use, are experiencing greater progress towards controlling the disease than those countries just promoting condoms [REF].",Criticism of the Catholic Church,https://en.wikipedia.org/wiki/Criticism_of_the_Catholic_Church
743,Suicide should be a criminal offence,During this time also St. Thomas Aquinas emphasized that suicide was a mortal sin because it disrupted God's power over man's life and death.,Suicidology,https://en.wikipedia.org/wiki/Suicidology
744,We should ban male infant circumcision,"In response to the meta-analysis by Millett et al., Vermund and Qian note that ""circumcision would likely be insufficiently efficient to be universally effective in reducing HIV risk, and will have to be combined with other prevention modalities to have a substantial and sustained prevention effect.""[REF] .",Circumcision and HIV,https://en.wikipedia.org/wiki/Circumcision_and_HIV
745,We should ban male infant circumcision,"The American Cancer Society (2009) stated, ""Most experts agree that circumcision should not be recommended solely as a way to prevent penile cancer.""[REF] .",Circumcision,https://en.wikipedia.org/wiki/Circumcision
746,We should ban male infant circumcision,"In 1855, the Quaker surgeon, Jonathan Hutchinson, observed that circumcision appeared to protect against syphilis [REF].",History of male circumcision,https://en.wikipedia.org/wiki/History_of_male_circumcision
747,We should ban male infant circumcision,Other studies suggest that circumcision may reduce the risk of more invasive forms of penile cancer.,Medical analysis of circumcision,https://en.wikipedia.org/wiki/Medical_analysis_of_circumcision
748,We should ban male infant circumcision,"In the Netherlands, the Royal Dutch Medical Association (KNMG) stated in 2010 that non-therapeutic male circumcision ""conflicts with the child's right to autonomy and physical integrity.""",Circumcision,https://en.wikipedia.org/wiki/Circumcision
749,We should ban male infant circumcision,"The American Medical Association states that circumcision, properly performed, protects against the development of phimosis [REF].",Circumcision,https://en.wikipedia.org/wiki/Circumcision
750,We should ban male infant circumcision,"The World Health Organization (WHO) said: ""Although these results demonstrate that male circumcision reduces the risk of men becoming infected with HIV, the UN agencies emphasize that it does not provide complete protection against HIV infection.",Circumcision and HIV,https://en.wikipedia.org/wiki/Circumcision_and_HIV
751,We should ban male infant circumcision,"Among men who have sex with men, there is insufficient evidence that male circumcision protects against HIV infection or other Sexually Transmitted Infections [REF].",HIV,https://en.wikipedia.org/wiki/HIV
752,We should ban male infant circumcision,"The AMA stated that ""depending on the model employed, approximately 100 to 200 circumcisions would need to be performed to prevent 1 UTI,"" and noted one decision analysis model that concluded that circumcision was not justified as a preventative measure against UTI [REF].",Circumcision,https://en.wikipedia.org/wiki/Circumcision
753,We should ban male infant circumcision,"In the same year, the Tasmanian President of the Australian Medical Association, Haydn Walters, stated that they would support a call to ban circumcision for non-medical, non-religious reasons [REF].",Circumcision and law,https://en.wikipedia.org/wiki/Circumcision_and_law
754,We should ban male infant circumcision,"Connolly et al. (2008) found that ""circumcision had no protective effect in the prevention of HIV transmission.",Circumcision and HIV,https://en.wikipedia.org/wiki/Circumcision_and_HIV
755,We should ban male infant circumcision,"Regarding the practice of routine infant circumcision, the College of Physicians and Surgeons of British Columbia stated that ""Infant male circumcision was once considered a preventive health measure and was therefore adopted extensively in Western countries.",Medical analysis of circumcision,https://en.wikipedia.org/wiki/Medical_analysis_of_circumcision
756,We should ban male infant circumcision,"Wilson suggests that circumcision reduces insemination efficiency, reducing a man's capacity for extra-pair fertilizations by impairing sperm competition.",Circumcision,https://en.wikipedia.org/wiki/Circumcision
757,We should ban male infant circumcision,"As a result, a panel of experts convened by WHO and the UNAIDS Secretariat has ""recommended that male circumcision now be recognized as an additional important intervention to reduce the risk of heterosexually acquired HIV infection in men.""[REF]",HIV,https://en.wikipedia.org/wiki/HIV
758,We should ban male infant circumcision,A 2011 meta-analysis concluded that childhood or adolescent circumcision substantially reduces the risk of invasive penile cancer.,Circumcision,https://en.wikipedia.org/wiki/Circumcision
759,We should ban male infant circumcision,Randomized controlled trials have shown that male circumcision lowers the risk of HIV infection among heterosexual men by up to 60% [REF].,AIDS,https://en.wikipedia.org/wiki/AIDS
760,We should ban male infant circumcision,"Both the WHO and CDC indicate that circumcision may not reduce HIV transmission from men to women, and that data are lacking for the transmission rate of men who engage in anal sex with a female partner [REF].",Circumcision,https://en.wikipedia.org/wiki/Circumcision
761,We should ban male infant circumcision,"As a result of these findings, the WHO and the Joint United Nations Programme on HIV/AIDS (UNAIDS) stated that male circumcision is an efficacious intervention for HIV prevention but should be carried out by well trained medical professionals and under conditions of informed consent (parents consent for their infant boys) [REF].",Circumcision and HIV,https://en.wikipedia.org/wiki/Circumcision_and_HIV
762,We should ban male infant circumcision,"The WHO and UNAIDS recommend male circumcision as a means of reducing the rate of HIV infection,[REF] but this has also proved controversial, with doubts raised about the efficacy of mass circumcision campaigns in sub-Saharan Africa [REF].",Circumcision controversies,https://en.wikipedia.org/wiki/Circumcision_controversies
763,We should ban male infant circumcision,"Benatar and Benatar argue that circumcision can be beneficial to a male before he would be able to otherwise provide consent, that ""it is far from obvious that circumcision reduces sexual pleasure,"" and that ""it is far from clear that non-circumcision leaves open a future person's options in every regard.""[REF] .",Circumcision,https://en.wikipedia.org/wiki/Circumcision
764,We should ban male infant circumcision,"In Australia, Professor Brian Morris, author of In Favour of Circumcision, asserts that circumcision confers many medical benefits including reduced risk of UTIs, penile cancer, HIV, balanitis, posthitis, phimosis, and prostate cancer and argues that circumcision has sexual benefits [REF].",Circumcision controversies,https://en.wikipedia.org/wiki/Circumcision_controversies
765,We should ban male infant circumcision,"Kahn et al. studied sub-Saharan African settings with a high or moderate HIV prevalence, reporting that adult circumcision is ""likely to be a cost-effective HIV prevention strategy"" even when deployed among only a small fraction of the population.",Circumcision and HIV,https://en.wikipedia.org/wiki/Circumcision_and_HIV
766,We should ban male infant circumcision,"A 2006 meta-analysis of observational data from twenty-six studies found that circumcision was associated with lower rates of syphilis, chancroid and possibly genital herpes [REF].",Circumcision,https://en.wikipedia.org/wiki/Circumcision
767,We should ban male infant circumcision,The Royal Australasian College of Physicians stated that the use of infant circumcision to prevent penile cancer alone in adulthood is not justified [REF].,Medical analysis of circumcision,https://en.wikipedia.org/wiki/Medical_analysis_of_circumcision
768,We should ban male infant circumcision,"Morris also claims that circumcision prevents ""physical problems"" such as ""Bathroom splatter"" and ""Zipper injury"" [REF].",Circumcision controversies,https://en.wikipedia.org/wiki/Circumcision_controversies
769,We should ban male infant circumcision,Baeten et al. (2005) found that uncircumcised men were at a greater than twofold increased risk of acquiring HIV per sex act when compared with circumcised men.,Circumcision and HIV,https://en.wikipedia.org/wiki/Circumcision_and_HIV
770,We should ban male infant circumcision,The authors reported that neonatal circumcision was associated with reduced risk of invasive penile cancer (OR 0.41; 95% CI 0.13-1.1),Medical analysis of circumcision,https://en.wikipedia.org/wiki/Medical_analysis_of_circumcision
771,We should ban male infant circumcision,"As Castellsagué (2002) said, "" .. it would not make sense to promote circumcision as a way to control cervical cancer in the United States, where Pap smears usually detect it at a treatable stage.""[REF] .",Medical analysis of circumcision,https://en.wikipedia.org/wiki/Medical_analysis_of_circumcision
772,We should ban male infant circumcision,"Several studies, conducted in Uganda and its neighbors, indicate that adult male circumcision may be a cost-effective means of reducing HIV infection.",HIV/AIDS in Uganda,https://en.wikipedia.org/wiki/HIV/AIDS_in_Uganda
773,We should ban male infant circumcision,"The issue was addressed at the Council of Jerusalem where Saint Paul made an argument that circumcision was not a necessary practice, vocally supported by Peter, as documented in .",Apostolic Age,https://en.wikipedia.org/wiki/Apostolic_Age
774,We should ban male infant circumcision,"The issue was addressed at the Council of Jerusalem where Paul made an argument that circumcision was not a necessary practice, vocally supported by Peter, as documented in .",Christianity in the 1st century,https://en.wikipedia.org/wiki/Christianity_in_the_1st_century
775,We should ban male infant circumcision,"Weiss, Quigley and Hayes carried a meta-analysis on circumcision and HIV in 2000[REF] and found as follows: ""Male circumcision is associated with a significantly reduced risk of HIV infection among men in sub-Saharan Africa, particularly those at high risk of HIV.",Medical analysis of circumcision,https://en.wikipedia.org/wiki/Medical_analysis_of_circumcision
776,We should ban male infant circumcision,"Boyle et al. (2002) state that circumcision may result in psychological harm, including post-traumatic stress disorder (PTSD), citing a study reporting high rates of PTSD among Filipino boys after either ritual or medical circumcision [REF].",Circumcision,https://en.wikipedia.org/wiki/Circumcision
777,We should ban male infant circumcision,"According to the Historia Augusta, the Roman emperor Hadrian issued a decree banning circumcision in the empire,[REF] and some modern scholars argue that this was a main cause of the Jewish Bar Kokhba revolt of 132 CE [REF].",Circumcision and law,https://en.wikipedia.org/wiki/Circumcision_and_law
778,We should ban male infant circumcision,"By the 1890s, hernia, bladder infections, kidney stones, insomnia, chronic indigestion, rheumatism, epilepsy, asthma, bedwetting, Bright's disease, erectile dysfunction, syphilis, insanity, and skin cancer had all been linked to the foreskin, and many physicians advocated universal circumcision as a preventive health measure.",History of male circumcision,https://en.wikipedia.org/wiki/History_of_male_circumcision
779,We should ban male infant circumcision,"Finland's Ministry of Social Affairs and Health reported in 2004 that, ""some 500-1000 circumcisions are performed as a therapeutic measure annually in Finnish hospitals"",[REF] amounting to 710 nationwide cases in 2002 [REF].",Prevalence of circumcision,https://en.wikipedia.org/wiki/Prevalence_of_circumcision
780,We should ban male infant circumcision,The most current research does not support the belief that neonatal circumcision disrupts breastfeeding [REF].,Medical analysis of circumcision,https://en.wikipedia.org/wiki/Medical_analysis_of_circumcision
781,We should ban male infant circumcision,The Catholic Church condemned the observance of circumcision as a mortal sin and ordered against its practice in the Council of Basel-Florence in 1442 [REF].,History of male circumcision,https://en.wikipedia.org/wiki/History_of_male_circumcision
782,We should ban male infant circumcision,"Williams et al.(2006) looked at the potential impact of circumcision on HIV in Africa, based upon the South African RCT, saying that that male circumcision (MC) could substantially reduce the burden of HIV in Africa, particularly in southern Africa where the existing prevalence of male circumcision is low and the existing prevalence of HIV is high.",Circumcision and HIV,https://en.wikipedia.org/wiki/Circumcision_and_HIV
783,We should ban male infant circumcision,"A meta-analysis by Van Howe in 2006 found no significant association between circumcision status and HPV infection and that ""the medical literature does not support the claim that circumcision reduces the risk for genital HPV infection"" [REF].",Medical analysis of circumcision,https://en.wikipedia.org/wiki/Medical_analysis_of_circumcision
784,We should ban male infant circumcision,"Morris et al. reported that there is some evidence, albeit mixed, that circumcision may protect against prostate cancer; they called for more extensive research into the matter [REF].",Circumcision,https://en.wikipedia.org/wiki/Circumcision
785,We should ban male infant circumcision,"Weiss, Quigley and Hayes carried out a meta-analysis on circumcision and HIV in 2000[REF] and found as follows: ""Male circumcision is associated with a significantly reduced risk of HIV infection among men in sub-Saharan Africa, particularly those at high risk of HIV.",Circumcision and HIV,https://en.wikipedia.org/wiki/Circumcision_and_HIV
786,We should ban male infant circumcision,Studies indicate that male circumcision can reduce the chance of HIV infection in heterosexual men.,History of male circumcision,https://en.wikipedia.org/wiki/History_of_male_circumcision
787,We should ban male infant circumcision,"In September 2010, the Royal Australasian College of Physicians stated that ""Circumcision has not been demonstrated to decrease the risks of prostate cancer.""[REF] .",Medical analysis of circumcision,https://en.wikipedia.org/wiki/Medical_analysis_of_circumcision
788,We should ban male infant circumcision,"A meta-analysis of data from fifteen observational studies of men who have sex with men found ""insufficient evidence that male circumcision protects against HIV infection or other STIs.""[REF] .",Circumcision,https://en.wikipedia.org/wiki/Circumcision
789,We should ban male infant circumcision,"In a 2008 study of Kenyan men, Krieger et al. stated that ""Adult male circumcision was not associated with sexual dysfunction.",Sexual effects of circumcision,https://en.wikipedia.org/wiki/Sexual_effects_of_circumcision
790,We should ban male infant circumcision,The WHO currently recommends circumcision be recognised as an intervention as part of a comprehensive program for prevention of HIV transmission in areas with high endemic rates of HIV [REF].,Circumcision,https://en.wikipedia.org/wiki/Circumcision
791,We should ban male infant circumcision,"Strong evidence from Africa indicates that circumcision reduces the risk of HIV infection in heterosexual men by 38-66%,[REF] and studies have concluded it is cost effective in sub-Saharan Africa [REF].",Circumcision,https://en.wikipedia.org/wiki/Circumcision
792,We should ban male infant circumcision,"As a result of these findings, the WHO and the Joint United Nations Programme on HIV/AIDS (UNAIDS) stated that male circumcision is an efficacious intervention for HIV prevention but should be carried out by well trained medical professionals and under conditions of informed consent [REF].",Circumcision,https://en.wikipedia.org/wiki/Circumcision
793,We should ban male infant circumcision,"Lerman and Liao (2001) state that apart from its effects on UTI rates, ""Most of the other medical benefits of circumcision probably can be realized without circumcision as long as access to clean water and proper penile hygiene are achieved.""[REF] .",Medical analysis of circumcision,https://en.wikipedia.org/wiki/Medical_analysis_of_circumcision
794,We should ban male infant circumcision,"Modern proponents, such as Morris, argue that circumcision reduces the risks of urinary tract infections, penile cancer, HIV, balanitis, posthitis, phimosis, and prostate cancer as well as conferring sexual benefits [REF].",Circumcision controversies,https://en.wikipedia.org/wiki/Circumcision_controversies
795,We should ban male infant circumcision,"At the same conference, Thomas et al. (2004) reported that ""male circumcision is not associated with HIV or STI prevention in a U.S. Navy population.""[REF] .",Circumcision and HIV,https://en.wikipedia.org/wiki/Circumcision_and_HIV
796,We should ban male infant circumcision,"Simon Peter, who for Catholic Christians is the first Pope, condemned circumcision for converts according to .",Religious male circumcision,https://en.wikipedia.org/wiki/Religious_male_circumcision
797,We should ban male infant circumcision,"Paul, who was vocally supported by Peter, argued that circumcision was not a necessary practice [REF].",History of early Christianity,https://en.wikipedia.org/wiki/History_of_early_Christianity
798,We should ban male infant circumcision,Both Simon Peter and James the Just spoke against requiring circumcision in Gentile converts and the Council ruled that circumcision was not necessary.,History of male circumcision,https://en.wikipedia.org/wiki/History_of_male_circumcision
799,We should ban male infant circumcision,"Byakika-Tusiime states that available evidence satisfies six of Hill's criteria, and concludes that the results of her analysis ""provide unequivocal evidence that circumcision plays a causal role in reducing the risk of HIV infection among men.""[REF]",Medical analysis of circumcision,https://en.wikipedia.org/wiki/Medical_analysis_of_circumcision
800,We should ban male infant circumcision,"Both the WHO and CDC indicate that circumcision may not reduce HIV transmission from men to women, and that data is lacking for the transmission rate of men who engage in anal sex with a female partner [REF].",Circumcision and HIV,https://en.wikipedia.org/wiki/Circumcision_and_HIV
801,We should ban male infant circumcision,Male circumcision and HIV: Some research has suggested that male circumcision can reduce the risk of HIV infection in some countries.,Safe sex,https://en.wikipedia.org/wiki/Safe_sex
802,We should ban male infant circumcision,"A 13th-century French Maimonides disciple, Isaac ben Yediah claimed that circumcision was an effective way of reducing a woman's sexual desire.",History of male circumcision,https://en.wikipedia.org/wiki/History_of_male_circumcision
803,We should ban male infant circumcision,"Boyle et al. (2002) state that circumcision may result in psychological harm, including post-traumatic stress disorder (PTSD), citing a study that shows an incidence rate of PTSD (measured according to DSM-IV) of almost 70% among Filipino boys subjected to ritual circumcision, and 51% among boys subjected to medical circumcision (with local anaesthetic) [REF].",Medical analysis of circumcision,https://en.wikipedia.org/wiki/Medical_analysis_of_circumcision
804,We should ban male infant circumcision,"The American Urological Association (May 2007) states there are benefits and risks to circumcision, recommending that circumcision ""should be presented as an option for health benefits"" while acknowledging that ""[e]vidence associating neonatal circumcision with reduced incidence of sexually transmitted diseases is conflicting.""",Medical analysis of circumcision,https://en.wikipedia.org/wiki/Medical_analysis_of_circumcision
805,We should ban male infant circumcision,There is strong evidence that circumcision reduces the risk of HIV infection in heterosexual men in populations that are at high risk [REF].,Circumcision,https://en.wikipedia.org/wiki/Circumcision
806,We should ban male infant circumcision,"The authors said, ""Male circumcision provides a degree of protection against acquiring HIV infection, equivalent to what a vaccine of high efficacy would have achieved.",Circumcision and HIV,https://en.wikipedia.org/wiki/Circumcision_and_HIV
807,We should ban male infant circumcision,Numerous studies have shown that circumcision causes severe pain.,Medical analysis of circumcision,https://en.wikipedia.org/wiki/Medical_analysis_of_circumcision
808,We should ban male infant circumcision,The World Health Organization and UNAIDS currently recommend circumcision as part of a comprehensive program for prevention of HIV transmission in areas with high endemic rates of HIV [REF].,Circumcision,https://en.wikipedia.org/wiki/Circumcision
809,We should adopt a zero tolerance policy in schools,"Zero-tolerance policies and metal detectors ""are unlikely to be helpful,"" the Secret Service researchers found.",Columbine High School massacre,https://en.wikipedia.org/wiki/Columbine_High_School_massacre
810,We should adopt a zero tolerance policy in schools,"In the United States and Canada, zero tolerance policies have been adopted in various schools and other education venues.",Zero tolerance (schools),https://en.wikipedia.org/wiki/Zero_tolerance_(schools)
811,We should adopt a zero tolerance policy in schools,"Supporters of zero tolerance policies claim that such policies are required to create an appropriate environment (Scaringi, 2008; Noguera, 1995).",Zero tolerance (schools),https://en.wikipedia.org/wiki/Zero_tolerance_(schools)
812,We should adopt a zero tolerance policy in schools,Little evidence supports the claimed effectiveness of zero-tolerance policies [REF].,Zero tolerance,https://en.wikipedia.org/wiki/Zero_tolerance
813,We should adopt a zero tolerance policy in schools,Kappa Psi Kappa holds a zero tolerance policy towards hazing and adheres to an extensive Risk Management program.,Kappa Psi Kappa,https://en.wikipedia.org/wiki/Kappa_Psi_Kappa
814,We should adopt a zero tolerance policy in schools,"A study by the National Education Policy Center found that zero-tolerance policies across the nation were increasing suspension rates, particularly for black students accused of non-violent offenses such as dress code violations, cell-phone use, and insubordination.",School-to-prison pipeline,https://en.wikipedia.org/wiki/School-to-prison_pipeline
815,We should adopt a zero tolerance policy in schools,"The American Psychological Association concluded that the available evidence does not support the use of zero tolerance policies as defined and implemented, that there is a clear need to modify such policies, and that the policies create a number of unintended negative consequences,[REF][REF] including making schools ""less safe"" [REF].",Zero tolerance (schools),https://en.wikipedia.org/wiki/Zero_tolerance_(schools)
816,We should adopt a zero tolerance policy in schools,"By 1998, Beaumont was regarded as a ""turnaround"" due to the efforts of Crues, who further instituted zero tolerance policies on gang activity at the school [REF].","Beaumont High School (St. Louis, Missouri)","https://en.wikipedia.org/wiki/Beaumont_High_School_(St._Louis,_Missouri)"
817,We should adopt a zero tolerance policy in schools,"Despite its legal history, Club La Vela owners claim to maintain a zero tolerance policy in regard to drug use and alcohol sale to or consumption by under-age patrons.",Club La Vela,https://en.wikipedia.org/wiki/Club_La_Vela
818,We should adopt a zero tolerance policy in schools,"Upon her inauguration, Sirleaf promised that she would impose a ""zero tolerance"" policy on corruption within the government [REF].",Ellen Johnson Sirleaf,https://en.wikipedia.org/wiki/Ellen_Johnson_Sirleaf
819,We should adopt a zero tolerance policy in schools,"In December 2009 Izunwa urged Rivers State Police Commissioner, Mr Suleman Abba, to initiate a zero tolerance policy for violence against women and to stop the practice of granting bail to rape suspects [REF].",Manuela George-Izunwa,https://en.wikipedia.org/wiki/Manuela_George-Izunwa
820,We should adopt a zero tolerance policy in schools,"In June 2010, Modrikamen claimed that ""zero tolerance policy"" has decreased Cureghem's crime rate by 30% [REF].",Mischaël Modrikamen,https://en.wikipedia.org/wiki/Mischaël_Modrikamen
821,We should adopt a zero tolerance policy in schools,"A particularly dismaying hypothesis about zero tolerance policies is that they may actually discourage some people from reporting criminal and illegal behavior, for fear of losing relationships, and for many other reasons.",Zero tolerance (schools),https://en.wikipedia.org/wiki/Zero_tolerance_(schools)
822,We should introduce a pollution tax,"In a 2006 proposal, the U.K.'s then-Environment Secretary David Miliband had the government in discussions on the use of various green taxes to reduce climate-changing pollution.",Ecotax,https://en.wikipedia.org/wiki/Ecotax
823,We should introduce a pollution tax,"Lohmann (2006b) supported conventional regulation, green taxes, and energy policies that are ""justice-based"" and ""community-driven.""[REF]",Emissions trading,https://en.wikipedia.org/wiki/Emissions_trading
824,We should introduce a pollution tax,The Green Shift proposed creating a carbon tax that would be coupled with reductions to income tax rates.,Liberal Party of Canada,https://en.wikipedia.org/wiki/Liberal_Party_of_Canada
825,We should subsidize biofuels,"Researchers at the Overseas Development Institute have argued that biofuels could help to reduce poverty in the developing world, through increased employment, wider economic growth multipliers and by stabilising oil prices (many developing countries are net importers of oil) [REF].",Issues relating to biofuels,https://en.wikipedia.org/wiki/Issues_relating_to_biofuels
826,We should subsidize biofuels,A team led by Fargione from The Nature Conservancy found that clearing natural lands for use as agricultural land to produce biofuel feedstock creates a carbon debt.,Ethanol fuel in the United States,https://en.wikipedia.org/wiki/Ethanol_fuel_in_the_United_States
827,We should subsidize biofuels,"Alternative Energy In 2006, Etheridge joined U.S. Congresswoman Stephanie Herseth in proposing increased research and development of biofuels to reduce the United States' dependence on foreign oil [REF].",Bob Etheridge,https://en.wikipedia.org/wiki/Bob_Etheridge
828,We should subsidize biofuels,"According to the International Energy Agency, new bioenergy (biofuel) technologies being developed today, notably cellulosic ethanol biorefineries, could allow biofuels to play a much bigger role in the future than previously thought [REF].",Sustainable energy,https://en.wikipedia.org/wiki/Sustainable_energy
829,We should subsidize biofuels,"Located in an area that has suffered the devastating environmental impact of the industrial practices of the late 19th through the mid 20th centuries, South Shore Clean Cities is dedicated to preserving and revitalizing Northern Indiana by promoting the use of clean fuels and clean vehicles technology.",Clean Cities,https://en.wikipedia.org/wiki/Clean_Cities
830,We should subsidize biofuels,"According to the Rocky Mountain Institute, sound biofuel production practices would not hamper food and fibre production, nor cause water or environmental problems, and would enhance soil fertility [REF].",Sustainable biofuel,https://en.wikipedia.org/wiki/Sustainable_biofuel
831,We should subsidize biofuels,"In 2007, Queensland University in Australia contracted with Syngenta to research different inputs for biofuels as a renewable energy source [REF].",Syngenta,https://en.wikipedia.org/wiki/Syngenta
832,We should subsidize biofuels,"Notwithstanding the above noted study, numerous studies have shown that biomass fuels have significantly less impact on the environment than fossil based fuels.",Biofuel,https://en.wikipedia.org/wiki/Biofuel
833,We should subsidize biofuels,Recent studies show that biofuels could supply 30% to 40% of U.S. petroleum products by 2030.,Outlook On Renewable Energy In America,https://en.wikipedia.org/wiki/Outlook_On_Renewable_Energy_In_America
834,We should subsidize biofuels,"The US National Renewable Energy Laboratory (NREL) states that energy security is the number one driving force behind the US biofuels programme,[REF] and a White House ""Energy Security for the 21st Century"" paper makes it clear that energy security is a major reason for promoting biodiesel [REF].",Biodiesel,https://en.wikipedia.org/wiki/Biodiesel
835,We should subsidize biofuels,"According to the International Energy Agency, cellulosic ethanol biorefineries could allow biofuels to play a much bigger role in the future than organizations such as the IEA previously thought [REF].",Renewable energy commercialization,https://en.wikipedia.org/wiki/Renewable_energy_commercialization
836,We should subsidize biofuels,"The OECD study is also critical of the limited reduction of GHG emissions achieved from biofuels produced in Europe and North America, concluding that the current biofuel support policies would reduce greenhouse gas emissions from transport fuel by no more than 0.8% by 2015, while Brazilian ethanol from sugar cane reduces greenhouse gas emissions by at least 80% compared to fossil fuels.",Ethanol fuel in Brazil,https://en.wikipedia.org/wiki/Ethanol_fuel_in_Brazil
837,We should subsidize biofuels,Environmental campaigner George Monbiot has argued for a 5-year freeze on biofuels while their impact on poor communities and the environment is assessed [REF].,Food vs. fuel,https://en.wikipedia.org/wiki/Food_vs._fuel
838,We should subsidize biofuels,The study conclusion is that the net effect of biofuel production via clearing of carbon-rich habitats is to increase CO2 emissions for decades or centuries relative to fossil fuel use [REF].,Ethanol fuel in Brazil,https://en.wikipedia.org/wiki/Ethanol_fuel_in_Brazil
839,We should subsidize biofuels,Boeing estimates that biofuels could reduce flight-related greenhouse-gas emissions by 60 to 80 percent.,Jet fuel,https://en.wikipedia.org/wiki/Jet_fuel
840,We should subsidize biofuels,The World Bank lists the effect of biofuels as an important contributor to higher food prices [REF].,2007–2008 world food price crisis,https://en.wikipedia.org/wiki/2007–2008_world_food_price_crisis
841,We should subsidize biofuels,The group says that biofuels will become a leading alternative fuel for the company [REF].,Biofuel in Australia,https://en.wikipedia.org/wiki/Biofuel_in_Australia
842,We should subsidize biofuels,"Jean Ziegler, then UN Special Rapporteur on food, concluded that while the argument for biofuels in terms of energy efficiency and climate change are legitimate, the effects for the world's hungry of transforming wheat and maize crops into biofuel are ""absolutely catastrophic,"" and terms such use of arable land a ""crime against humanity.""",Food vs. fuel,https://en.wikipedia.org/wiki/Food_vs._fuel
843,We should subsidize biofuels,"As part of the announcement, the Commission clarified that it will publish a report on the impacts of indirect land use by the end of 2010, as requested in the Renewable Energy Directive and on the basis of recently released reports that suggest that biofuels are saving greenhouse gas emissions [REF].",Low-carbon fuel standard,https://en.wikipedia.org/wiki/Low-carbon_fuel_standard
844,We should subsidize biofuels,"In 2003, the European Union saw biofuels as an answer to several problems: climate change, energy security and stimulating the rural economy, and agreed the Biofuels Directive to see that production was kickstarted.",Agriculture in the United Kingdom,https://en.wikipedia.org/wiki/Agriculture_in_the_United_Kingdom
845,We should subsidize biofuels,"Rising demand for biofuels is expected to be good news for the biotechnology sector, with the Department of Energy estimating ethanol usage could reduce U.S. petroleum-derived fuel consumption by up to 30% by 2030.",Biotechnology,https://en.wikipedia.org/wiki/Biotechnology
846,We should subsidize biofuels,"In 2007, United nations Food and Agriculture Organization Special Rapporteur for the Right to Food urges five year moratorium on food based biofuels, including ethanol, saying its development is a ""crime against humanity.""",Timeline of alcohol fuel,https://en.wikipedia.org/wiki/Timeline_of_alcohol_fuel
847,We should subsidize biofuels,"Responsible commercialization of biofuels represents an opportunity to enhance sustainable economic prospects in Africa, Latin America and Asia [REF].",Sustainable biofuel,https://en.wikipedia.org/wiki/Sustainable_biofuel
848,We should subsidize biofuels,"The OECD study is also critical of the limited reduction of GHG emissions achieved from biofuels produced in Europe and North America, concluding that the current biofuel support policies would reduce greenhouse gas emissions from transport fuel by no more than 0.8 percent by 2015, while Brazilian ethanol from sugar cane reduces greenhouse gas emissions by at least 80 percent compared to fossil fuels.",Food vs. fuel,https://en.wikipedia.org/wiki/Food_vs._fuel
849,We should subsidize biofuels,Boeing estimates that biofuels could reduce flight-related greenhouse-gas emissions by 60 to 80 percent [REF].,Boeing,https://en.wikipedia.org/wiki/Boeing
850,We should subsidize biofuels,"While many critics have argued that biofuels can actually increase greenhouse gas emissions, research from the US Department of Energy indicates that biofuels ""burn cleaner than gasoline, resulting in fewer greenhouse gas emissions, and are fully biodegradable, unlike some fuel additives.""[REF] .",Mobile source air pollution,https://en.wikipedia.org/wiki/Mobile_source_air_pollution
851,We should subsidize biofuels,"According to the International Energy Agency, biofuels have the potential to meet more than a quarter of world demand for transportation fuels by 2050 [REF].",Biofuel,https://en.wikipedia.org/wiki/Biofuel
852,We should subsidize biofuels,A growing body of academic research suggested that biofuels would effectively displace agricultural production and cause damaging land-use change in other parts of the world.,Renewable Fuels Agency,https://en.wikipedia.org/wiki/Renewable_Fuels_Agency
853,We should subsidize biofuels,"The OECD study concluded that ""..current biofuel support measures alone are estimated to increase average wheat prices by about 5 percent, maize by around 7 percent and vegetable oil by about 19 percent over the next 10 years.""[REF] .",Food vs. fuel,https://en.wikipedia.org/wiki/Food_vs._fuel
854,We should subsidize biofuels,"The OECD study concluded that ""..current biofuel support measures alone are estimated to increase average wheat prices by about 5 percent, maize by around 7 percent and vegetable oil by about 19 percent over the next 10 years.""[REF] .",Ethanol fuel in the United States,https://en.wikipedia.org/wiki/Ethanol_fuel_in_the_United_States
855,We should subsidize biofuels,Some mainstream environmental groups support biofuels as a significant step toward slowing or stopping global climate change [REF].,Issues relating to biofuels,https://en.wikipedia.org/wiki/Issues_relating_to_biofuels
856,We should subsidize biofuels,"A 2010 study commissioned by the European Commission found that emission reduction effects of first-generation biofuels are positive, even after discounting indirect land use change effects, particularly the ""more emission-efficient"" sugarcane ethanol from Brazil, which would have to be imported to assure the environmental viability of the EU's biofuels mandate [REF].",Ethanol fuel in Brazil,https://en.wikipedia.org/wiki/Ethanol_fuel_in_Brazil
857,We should subsidize biofuels,"Zulkader is a pioneer in the field of wind energy, solar energy, bio-fuels and waste to energy in Pakistan, which are expected to provide a clean source of energy in line with international efforts to reduce pollution and global warming.",Kazi Zulkader Siddiqui,https://en.wikipedia.org/wiki/Kazi_Zulkader_Siddiqui
858,We should subsidize biofuels,"In October 2008, Peter Brabeck-Letmathe, chairman and former chief executive of Nestlé, warned that the production of biofuels will further deplete the world's water supply.",Water crisis,https://en.wikipedia.org/wiki/Water_crisis
859,We should subsidize biofuels,"On April 2008, Jean Ziegler, back then United Nations Special Rapporteur on the Right to Food, called biofuels a ""crime against humanity"",[REF][REF] a claim he had previously made in October 2007, when he called for a 5-year ban for the conversion of land for the production of biofuels [REF].",Ethanol fuel in Brazil,https://en.wikipedia.org/wiki/Ethanol_fuel_in_Brazil
860,We should subsidize biofuels,"The report is also critical of limited reduction of GHG emissions achieved from biofuels based on feedstocks used in Europe and North America, finding that the current biofuel support policies would reduce greenhouse gas emissions from transport fuel by no more than 0.8% by 2015, while Brazilian ethanol from sugar cane reduces greenhouse gas emissions by at least 80% compared to fossil fuels.",Food vs. fuel,https://en.wikipedia.org/wiki/Food_vs._fuel
861,We should subsidize biofuels,Figures from the International Energy Agency (IEA) show that biomass energy provides around 30% of the total primary energy supply in developing countries; over 2 billion people depend on biomass fuels as their primary energy source [REF].,Biofuels by region,https://en.wikipedia.org/wiki/Biofuels_by_region
862,We should subsidize biofuels,"Brazil's Environment Minister, Izabella Teixeira, claims that ""biofuel production in Brazil is driven by public policies that seek to increase its production in a sustainable manner, conserving nature, creating jobs and sharing the benefits among the population"" [REF].",Environmental governance in Brazil,https://en.wikipedia.org/wiki/Environmental_governance_in_Brazil
863,We should subsidize biofuels,Tilman and his colleagues estimate that prairie grass biofuels would yield 51 percent more energy per acre than ethanol from corn grown on fertile land [REF].,Prairie,https://en.wikipedia.org/wiki/Prairie
864,We should subsidize biofuels,The OECD study found that existing biofuel support policies would reduce greenhouse gas emissions by no more than 0.8 percent by 2015.,Ethanol fuel in the United States,https://en.wikipedia.org/wiki/Ethanol_fuel_in_the_United_States
865,We should subsidize biofuels,"The EU commission president, Jose Manuel Barroso, speaking at a recent EU biofuels conference, stressed that properly managed biofuels have the potential to reinforce the EU's security of supply through diversification of energy sources [REF].",Biodiesel,https://en.wikipedia.org/wiki/Biodiesel
866,We should subsidize biofuels,"Economists at Purdue University conclude in a 2007 study titled ""The Biofuels Boom: Implications for World Food Markets"" that US and EU biofuel mandates will have significant impacts on agricultural production globally and could lead to a doubling of U.S. corn prices from 2006 levels in the next four years.",Ethanol effect,https://en.wikipedia.org/wiki/Ethanol_effect
867,We should subsidize biofuels,"France, Germany, the United Kingdom and the United States governments have supported biofuels with tax breaks, mandated use, and subsidies.",Food vs. fuel,https://en.wikipedia.org/wiki/Food_vs._fuel
868,We should subsidize biofuels,"On April 2008, Jean Ziegler, back then United Nations Special Rapporteur on the Right to Food, repeated his claim that biofuels were a ""crime against humanity"",[REF][REF] echoing his October 2007 call for a 5-year ban for the conversion of land for the production of biofuels [REF].",Ethanol fuel in the United States,https://en.wikipedia.org/wiki/Ethanol_fuel_in_the_United_States
869,We should subsidize biofuels,"IATA thinks a 6% share of sustainable 2nd generation biofuels is achievable by 2020,[REF] and Boeing supports a target of 1% of global aviation fuels by 2015 [REF].",Aviation biofuel,https://en.wikipedia.org/wiki/Aviation_biofuel
870,We should subsidize biofuels,"Research, by David Tilman, ecologist at the University of Minnesota, suggests that ""biofuels made from high-diversity mixtures of prairie plants can reduce global warming by removing carbon dioxide from the atmosphere.",Prairie,https://en.wikipedia.org/wiki/Prairie
871,We should subsidize biofuels,In 2008 a critical report by the Royal Society stated that biofuels risk failing to deliver significant reductions in greenhouse gas emissions from transport and could even be environmentally damaging unless the Government puts the right policies in place [REF].,Biofuels by region,https://en.wikipedia.org/wiki/Biofuels_by_region
872,We should subsidize biofuels,"A November 2020 study states that biofuels, their production, and their subsidies as leading causes of agricultural price shocks [REF].",Issues relating to biofuels,https://en.wikipedia.org/wiki/Issues_relating_to_biofuels
873,We should subsidize biofuels,The member countries made a pledge to promote the production and use of biofuels as a clean and ecofriendly alternative.,IBSA Dialogue Forum,https://en.wikipedia.org/wiki/IBSA_Dialogue_Forum
874,We should subsidize biofuels,Other independent LCA studies show that biofuels save around 50% of the CO2 emissions of the equivalent fossil fuels.,Issues relating to biofuels,https://en.wikipedia.org/wiki/Issues_relating_to_biofuels
875,We should lower the drinking age,"Dan Wolter, a spokesman for the university, said, ""We recognize and understand that underage drinking is a big problem in our society as a whole so that is a stand that the University wanted to take.""[REF] .",TCF Bank Stadium,https://en.wikipedia.org/wiki/TCF_Bank_Stadium
876,We should lower the drinking age,"MADD cited former U.S. Department of Health and Human Services Secretary Donna Shalala statement that ""maintaining the legal drinking age at 21 is a socially and medically sound policy that helps parents, schools and law enforcement protect our youth from the potentially life-threatening effects of underage drinking.""[REF] .",Amethyst Initiative,https://en.wikipedia.org/wiki/Amethyst_Initiative
877,We should lower the drinking age,Some researchers believe that raising the legal drinking age and screening brief interventions by healthcare providers are the most effective means of reducing morbidity and mortality rates associated with binge drinking [REF].,Binge drinking,https://en.wikipedia.org/wiki/Binge_drinking
878,We should lower the drinking age,"After the 2010 Winter Games, he created the Apolo Anton Ohno Foundation and partnered with the Century Council's Ask, Listen, Learn Program to discourage underage drinking of alcohol and to promote a healthy lifestyle [REF].",Apolo Ohno,https://en.wikipedia.org/wiki/Apolo_Ohno
879,We should lower the drinking age,"Additionally, Aiona is a Co-Chair of Leadership to Keep Children Alcohol Free, a national leadership coalition that seeks to prevent underage drinking across the nation.",James Aiona,https://en.wikipedia.org/wiki/James_Aiona
880,We should lower the drinking age,"In August 2008, a group of college presidents calling itself the Amethyst Initiative asserted that lowering the legal drinking age to 18 (presumably) was one way to curb the ""culture of dangerous binge drinking"" among college students [REF].",Binge drinking,https://en.wikipedia.org/wiki/Binge_drinking
881,We should lower the drinking age,"Previously unknown quantity Ann Bressington, elected on the back of Nick Xenophon's No Pokies popularity, has proposed mainly conservative social policies such as raising the legal drinking age from 18 to 21,[REF] zero tolerance of illicit drugs, mandatory twice-annual drug tests of every school student over the age of 14 regardless of whether parents give their consent,[REF][REF] and making the sale of ""drug-taking equipment"" illegal [REF].","South Australian state election, 2006","https://en.wikipedia.org/wiki/South_Australian_state_election,_2006"
882,We should lower the drinking age,"In 2001, according to the same article, New York State Assembly member Felix Ortiz introduced a bill that would lower the drinking age back to 18.",National Minimum Drinking Age Act,https://en.wikipedia.org/wiki/National_Minimum_Drinking_Age_Act
883,We should lower the drinking age,"In a Democratic debate during the 2008 Presidential Election, Kucinich and Mike Gravel were the only two candidates who favored lowering the legal drinking age to 18 as it is in the vast majority of the world.",Dennis Kucinich,https://en.wikipedia.org/wiki/Dennis_Kucinich
884,We should lower the drinking age,"In a press release, MADD argues that lowering the drinking age would result in greater numbers of fatal automobile accidents, and that the presidents are ""looking for an easy way out of an inconvenient problem"" and ""misrepresenting science.""[REF][REF]",Amethyst Initiative,https://en.wikipedia.org/wiki/Amethyst_Initiative
885,We should lower the drinking age,"In late March, several NYRA members traveled to Vermont in support of a bill lowering the drinking age to 18.",National Youth Rights Association,https://en.wikipedia.org/wiki/National_Youth_Rights_Association
886,We should lower the drinking age,"Because of moral panic involving alcohol abuse among minors (a 16-year-old boy died after having consumed 52 shots of tequila in a bar in early 2007), some Germans began to demand that the drinking age be raised.",Alcohol laws in Germany,https://en.wikipedia.org/wiki/Alcohol_laws_in_Germany
887,We should lower the drinking age,"To date, the most successful law in combating drinking and driving has been raising the minimum drinking age to 21 (NIAAA, 2011).",Drunk driving in the United States,https://en.wikipedia.org/wiki/Drunk_driving_in_the_United_States
888,We should ban fishing,In 1976 the New York State Department of Environmental Conservation banned all fishing in the Upper Hudson due to health concerns with PCBs [REF].,Hudson River,https://en.wikipedia.org/wiki/Hudson_River
889,We should ban fishing,The results showed that fishing had a negative impact on calf survival rates and/or birth rates.,Pantropical spotted dolphin,https://en.wikipedia.org/wiki/Pantropical_spotted_dolphin
890,We should ban fishing,"In May 1999, Whole Foods Market joined the Marine Stewardship Council (MSC), a global independent, not-for-profit organization promoting sustainable fisheries and responsible fishing practices world-wide to help preserve fish stocks for future generations [REF].",Whole Foods Market,https://en.wikipedia.org/wiki/Whole_Foods_Market
891,We should ban fishing,"Research has shown that aquarium fishing activities significantly impact the populations of anemones and anemonefish by drastically reducing the densities of each in exploited areas,[REF] and could also negatively impact anemone shrimp, and any organisms obligately associated with sea anemones.",Sea anemone,https://en.wikipedia.org/wiki/Sea_anemone
892,We should ban fishing,"Instead of reducing numbers through direct mortalities, the study shows that fishing activities have disrupted the reproductive output of the north-eastern pantropical spotted dolphin.",Pantropical spotted dolphin,https://en.wikipedia.org/wiki/Pantropical_spotted_dolphin
893,We should ban fishing,Tourism supported by fishing is the mainstay of Whitby's economy in an isolated community with poor transport infrastructure and restricted by building constraints in the surrounding North York Moors National Park [REF].,Whitby,https://en.wikipedia.org/wiki/Whitby
894,We should ban fishing,In 2003 the European Commission provided emergency protection and banned damaging fishing activity in the locality [REF].,Fauna of Scotland,https://en.wikipedia.org/wiki/Fauna_of_Scotland
895,We should ban fishing,"A recent inquiry by the Royal Society of Edinburgh found fishing to be of much greater social, economic and cultural importance to Scotland than it is relative to the rest of the UK.",Fishing industry in Scotland,https://en.wikipedia.org/wiki/Fishing_industry_in_Scotland
896,We should ban fishing,"According to a study reported in the October, 2008 issue of Marine Ecology Progress Series, negative impacts from fishing activities remain, despite broad ""dolphin safe"" practices.",Pantropical spotted dolphin,https://en.wikipedia.org/wiki/Pantropical_spotted_dolphin
897,We should ban fishing,"In 1976, because of concern over continuing high levels of PCBs in local fish and other aquatic organisms, and the unacceptable risk to the health of consumers of such fish, the NYSDEC banned all fishing in the upper Hudson River, as well as commercial fishing of striped bass and several other species in the lower Hudson River,[REF][REF] and also issued advisories restricting the consumption of fish caught within a long segment of the Hudson River from Hudson Falls to Troy [REF].",Polychlorinated biphenyl,https://en.wikipedia.org/wiki/Polychlorinated_biphenyl
898,We should ban fishing,The Tanana Chiefs Conference of Alaska and the Lac du Flambeau Bank of Lake Superior Chippewa of Wisconsin have already included hunting and fishing as work activities for purposes of welfare distribution [REF].,Reservation poverty,https://en.wikipedia.org/wiki/Reservation_poverty
899,We should ban fishing,"Being near the sea, it is only expected that fishing plays a very important part of the Batangan Economy.",Batangas,https://en.wikipedia.org/wiki/Batangas
900,We should ban fishing,"Following collapse of the Canadian cod stock in the early 1990s, the Canadian Department of Fisheries and Oceans (DFO) issued a ban on Northern cod fishing in 1992, which caused great economic hardship in the eastern coastal Canadian province of Newfoundland and Labrador.",Cod fisheries,https://en.wikipedia.org/wiki/Cod_fisheries
901,We should ban fishing,President Toribiong also requested a worldwide ban on fishing for sharks [REF].,Palau,https://en.wikipedia.org/wiki/Palau
902,We should ban fishing,President Toribiong also requested a worldwide ban on shark fishing [REF].,Shark sanctuary,https://en.wikipedia.org/wiki/Shark_sanctuary
903,We should ban fishing,China bans fishing in the South China Sea for a period each year [REF].,Overfishing,https://en.wikipedia.org/wiki/Overfishing
904,We should legalize insider trading,Japan enacted its first law against insider trading in 1988.,Insider trading,https://en.wikipedia.org/wiki/Insider_trading
905,We should legalize insider trading,"During the second half of 2011, Brown wrote the 2011 version of the STOCK Act, a move to ban insider trading in Congress [REF].",Scott Brown,https://en.wikipedia.org/wiki/Scott_Brown
906,We should legalize insider trading,"On November 15, 2011, Herrera announced that she would co-sponsor a bipartisan bill aimed at preventing insider trading among members of Congress.",Jaime Herrera Beutler,https://en.wikipedia.org/wiki/Jaime_Herrera_Beutler
907,We should legalize insider trading,"Some economists and legal scholars (e.g. Henry Manne, Milton Friedman, Thomas Sowell, Daniel Fischel, Frank H. Easterbrook) argue that laws making insider trading illegal should be revoked.",Insider trading,https://en.wikipedia.org/wiki/Insider_trading
908,We should legalize insider trading,"For example, insider trading is believed to raise the cost of capital for securities issuers, thus decreasing overall economic growth [REF].",Securities fraud,https://en.wikipedia.org/wiki/Securities_fraud
909,Physical education should be mandatory,"American Association of Health Education/American Alliance for Health, Physical Education, Recreation, and Dance (AAHE/AAHPERD) The AAHE/AAHPERD is said to be the largest organization of professionals that supports physical education; which includes leisure, fitness, dance, and health promotion.",Health education,https://en.wikipedia.org/wiki/Health_education
910,Physical education should be mandatory,The department supports Lithuanian athletics and promotes physical education [REF].,Culture of Lithuania,https://en.wikipedia.org/wiki/Culture_of_Lithuania
911,Physical education should be mandatory,"Physical education is meant ""to establish a strong foundation of skills and knowledge in physical fitness, sports, and military-related activities through a progressive and diverse physical education program for RMC Officer Cadets"" The Vision is ""foster a passion for active living and leadership in physical activity.""",Royal Military College of Canada,https://en.wikipedia.org/wiki/Royal_Military_College_of_Canada
912,Physical education should be mandatory,"The most innovative aspect of Jordan's idea of public parks was perhaps the change in public's perception: stressing the importance of physical education and making people realize that physical exercise is equally important to intellectual development of children, while shaping their personality.",Jordan Park,https://en.wikipedia.org/wiki/Jordan_Park
913,Physical education should be mandatory,"One of America's first exercise enthusiasts, Partridge became a strong proponent of physical education as an essential part of school curriculum.",Alden Partridge,https://en.wikipedia.org/wiki/Alden_Partridge
914,Physical education should be mandatory,Beecher was a strong advocate of the inclusion of Physical Education daily and developed a program of calisthenics performed to music.,Catharine Beecher,https://en.wikipedia.org/wiki/Catharine_Beecher
915,Physical education should be mandatory,"Let's Move in School is urging physical educators, parents, school administrators and policymakers to get involved in bringing quality physical education and physical activity to schools through a comprehensive school physical activity program.","American Alliance for Health, Physical Education, Recreation and Dance","https://en.wikipedia.org/wiki/American_Alliance_for_Health,_Physical_Education,_Recreation_and_Dance"
916,Physical education should be mandatory,"With four years of Physical Education classes, students learn the value of working together as a team, developing a life-long physical fitness and wellness routine, managing stress, eating right and staying away from harmful habits such as smoking, drinking and drugs.","Saint Albert High School (Council Bluffs, Iowa)","https://en.wikipedia.org/wiki/Saint_Albert_High_School_(Council_Bluffs,_Iowa)"
917,We should increase the use of personalized medicine,"Most recently, Stephan has founded a large personalized medicine institute in the National Capital region that has the goal of reducing preventable suffering from common human diseases such as cancers, cardiac disease, pediatric diseases such as autism, metabolic diseases such as diabetes and neurological disorders such as Alzheimer's disease.",Dietrich Stephan,https://en.wikipedia.org/wiki/Dietrich_Stephan
918,We should increase the use of personalized medicine,"For healthcare providers, personalized medicine offers the potential to improve the quality of care, through more precise diagnostics, better therapies, and access to more accurate and up-to-date patient data.",Personalized medicine,https://en.wikipedia.org/wiki/Personalized_medicine
919,We should increase the use of personalized medicine,"Beyond orthogenic discrimination, Katz identifies how the hopes of regenerative medicine and personalized medicine may succeed in healing people without alienation and stigmatization.",Gregory Katz,https://en.wikipedia.org/wiki/Gregory_Katz
920,We should increase the use of personalized medicine,"Galson furthered the nation's evolution toward personalized medicine by releasing a new My Family Health Portrait a web-based tool to enable individuals and families to create, store and share their family health histories.",Steven K. Galson,https://en.wikipedia.org/wiki/Steven_K._Galson
921,We should increase the use of personalized medicine,The Consortium supports personalized medicine by encouraging a collaborative approach to biomedical research and healthcare delivery.,CaBIG,https://en.wikipedia.org/wiki/CaBIG
922,We should increase the use of personalized medicine,"The technologies underpinning personalized medicine could enable the pharmaceutical industry to develop a more efficient drug development process, based on the latest research on disease pathophysiology and genetic risk factors.",Personalized medicine,https://en.wikipedia.org/wiki/Personalized_medicine
923,We should increase the use of personalized medicine,"Watson was quoted as saying, ""I am putting my genome sequence on line to encourage the development of an era of personalized medicine, in which information contained in our genomes can be used to identify and prevent disease and to create individualized medical therapies"" [REF].",James D. Watson,https://en.wikipedia.org/wiki/James_D._Watson
924,We should adopt direct democracy,"An enthusiastic advocate of direct democracy, such as Switzerland's model of using referendums, Goldsmith believes it would help combat feelings of disenfranchisement among people and increase accountability [REF].",Zac Goldsmith,https://en.wikipedia.org/wiki/Zac_Goldsmith
925,We should adopt direct democracy,A recent International City Management Association survey showed strong support for direct democracy.,Managing Urban America,https://en.wikipedia.org/wiki/Managing_Urban_America
926,We should adopt direct democracy,"In his addresses, Speras supported the direct democratic operation of the unions.",Constantinos Speras,https://en.wikipedia.org/wiki/Constantinos_Speras
927,We should adopt direct democracy,"Bruno S. Frey among many, show that this and other instruments of citizens' participation, direct democracy, contribute to stability and happiness.",Referendum,https://en.wikipedia.org/wiki/Referendum
928,We should adopt direct democracy,"The Federalist Papers are pervaded by the idea that pure democracy is actually quite dangerous, because it allows a majority to infringe upon the rights of a minority [REF].",Republicanism in the United States,https://en.wikipedia.org/wiki/Republicanism_in_the_United_States
929,We should adopt direct democracy,"According to Alan Ryan, the ideology of the original classical liberals argued against direct democracy, where law is made by majority vote by citizens, ""for there is nothing in the bare idea of majority rule to show that majorities will always respect the rights of property or maintain rule of law.""[REF]",Classical liberalism,https://en.wikipedia.org/wiki/Classical_liberalism
930,We should adopt direct democracy,"Direct democracy: In addition to the Reform Party, the Canada Party also supported direct democracy, with referendums and recall as initiatives to be available to citizens through petition.","Canadian federal election, minor party positions","https://en.wikipedia.org/wiki/Canadian_federal_election,_minor_party_positions"
931,We should adopt direct democracy,"James Madison argued that direct democracy is the ""tyranny of the majority."" .",Referendum,https://en.wikipedia.org/wiki/Referendum
932,The vow of celibacy should be abandoned,"On 11 March 2010, Christoph Schönborn, Archbishop of Vienna, said that priestly celibacy could be one of the causes of the sex abuse scandals to hit the Catholic Church.",Catholic sex abuse cases,https://en.wikipedia.org/wiki/Catholic_sex_abuse_cases
933,The vow of celibacy should be abandoned,"Many Carpatho-Rusyns, including Varzaly, believed clerical celibacy to be so inherently unnatural as to lead inevitably to promiscuity and sexual abuse.",Stephen Varzaly,https://en.wikipedia.org/wiki/Stephen_Varzaly
934,The vow of celibacy should be abandoned,Protestant apologists further argue that clerical celibacy violates the Biblical teaching in the First Epistle to Timothy:[REF] .,Criticism of the Catholic Church,https://en.wikipedia.org/wiki/Criticism_of_the_Catholic_Church
935,The vow of celibacy should be abandoned,"Responding to Milingo's November 2006 consecration of bishops, the Vatican stated ""The value of the choice of priestly celibacy.. has been reaffirmed.""[REF] .",Criticism of the Catholic Church,https://en.wikipedia.org/wiki/Criticism_of_the_Catholic_Church
936,The vow of celibacy should be abandoned,"A 2005 article in the Irish weekly the Western People, proposed that clerical celibacy contributed to the abuse problem by suggesting that the institution of celibacy has created a ""morally superior"" status that is easily misapplied by abusive priests: ""The Irish Church's prospect of a recovery is zero for as long as bishops continue blindly to toe the Vatican line of Pope Benedict XVI that a male celibate priesthood is morally superior to other sections of society.""[REF] .",Catholic sex abuse cases,https://en.wikipedia.org/wiki/Catholic_sex_abuse_cases
937,We should end affirmative action,"Critics contend Connerly fails to recognize the damaging extent of past racism for African Americans and Hispanics, that contemporary institutionalized racism is pervasive and powerful, and that affirmative action can overcome the residual effects of past discrimination on people of color [REF].",Ward Connerly,https://en.wikipedia.org/wiki/Ward_Connerly
938,We should end affirmative action,"The NAACP gave him a 100% rating, indicating his strong support for affirmative action.",Frank Lautenberg,https://en.wikipedia.org/wiki/Frank_Lautenberg
939,We should end affirmative action,"Grutter v. Bollinger, 539 U.S. 306 (2003), was a case in which the United States Supreme Court upheld the affirmative action admissions policy of the University of Michigan Law School.",Grutter v. Bollinger,https://en.wikipedia.org/wiki/Grutter_v._Bollinger
940,We should end affirmative action,The three-judge panel concluded that it was bound by a 9th Circuit ruling in 1997 upholding the constitutionality of the affirmative action ban.,California Proposition 209 (1996),https://en.wikipedia.org/wiki/California_Proposition_209_(1996)
941,We should end affirmative action,"Opponents,[REF] who sometimes say that affirmative action is ""reverse discrimination"", further claim that affirmative action has undesirable side-effects in addition to failing to achieve its goals.",Affirmative action,https://en.wikipedia.org/wiki/Affirmative_action
942,We should end affirmative action,The chief minister of Malaysia's Kelantan State also PAS (Islamic Party of Malaysia) spiritual leader Nik Aziz said that Thailand should consider introducing an affirmative action policy like Malaysia's to narrow the social and economic gap between the Muslims and non-Muslims and to put a plug to the surging violence in southern Thailand.,Malaysian New Economic Policy,https://en.wikipedia.org/wiki/Malaysian_New_Economic_Policy
943,We should end affirmative action,"Historically and internationally, support for affirmative action has sought to achieve a range of goals: bridging inequalities in employment and pay; increasing access to education; enriching state, institutional, and professional leadership with the full spectrum of society; redressing apparent past wrongs, harms, or hindrances, in particular addressing the apparent social imbalance left in the wake of slavery and slave laws.",Affirmative action,https://en.wikipedia.org/wiki/Affirmative_action
944,We should end affirmative action,"Conservative Supreme Court Justice Clarence Thomas, the only current black Justice, opposes affirmative action.",Affirmative action in the United States,https://en.wikipedia.org/wiki/Affirmative_action_in_the_United_States
945,We should end affirmative action,"In Sweden, the Supreme Court has ruled that ""affirmative action"" ethnic quotas in universities are discrimination and hence unlawful.",Affirmative action,https://en.wikipedia.org/wiki/Affirmative_action
946,We should end affirmative action,"A 2009 Quinnipiac University survey found American voters opposed to the application of affirmative action to gay people, 65 over 27 percent.",Affirmative action,https://en.wikipedia.org/wiki/Affirmative_action
947,We should end affirmative action,"Some policies adopted as affirmative action, such as racial quotas or gender quotas for collegiate admission, have been criticised as a form of reverse discrimination, and such implementation of affirmative action has been ruled unconstitutional by the majority opinion of Gratz v. Bollinger.",Affirmative action in the United States,https://en.wikipedia.org/wiki/Affirmative_action_in_the_United_States
948,We should end affirmative action,"In the 2006 elections, it was also the most supportive county of proposal 2, a state constitutional amendment banning affirmative action programs.","Dickinson County, Michigan","https://en.wikipedia.org/wiki/Dickinson_County,_Michigan"
949,We should end affirmative action,"Sander's paper on mismatching has been refuted by several law professors, including Ian Ayres and Richard Brooks from Yale who use Sander's data to show that eliminating affirmative action would actually reduce the number of black lawyers by 12.7% [REF].",Affirmative action,https://en.wikipedia.org/wiki/Affirmative_action
950,We should end affirmative action,Connerly believes affirmative action is a form of racism and that people can achieve success without preferential treatment in college enrollment or in employment.,Ward Connerly,https://en.wikipedia.org/wiki/Ward_Connerly
951,We should end affirmative action,"Hardin's last book The Ostrich Factor: Our Population Myopia (1999), a warning about the threat of overpopulation to the Earth's sustainable economic future, called for coercive constraints on ""unqualified reproductive rights"" and argued that affirmative action is a form of racism.",Garrett Hardin,https://en.wikipedia.org/wiki/Garrett_Hardin
952,We should end affirmative action,"In July 2008, USA Today reported that ""McCain said Sunday that he favors a proposed referendum in Arizona that would ban affirmative action, reversing a position he took a decade ago.""",Political positions of John McCain,https://en.wikipedia.org/wiki/Political_positions_of_John_McCain
953,We should end affirmative action,"An outspoken conservative, Fordice advocated tax cuts, the abolishment of affirmative action, reductions in the welfare system, expanded capital punishment, tougher prison conditions and the building of more prisons.",Kirk Fordice,https://en.wikipedia.org/wiki/Kirk_Fordice
954,We should end affirmative action,"Four years later, President Lyndon B. Johnson elaborated on the importance of affirmative action to achieving true freedom for African Americans: .",Affirmative action in the United States,https://en.wikipedia.org/wiki/Affirmative_action_in_the_United_States
955,We should end affirmative action,"As President of the Texas State Bar, Miers supported affirmative action, going so far as to continue a quota system for women and ethnic minorities practicing law in the state [REF].",Harriet Miers Supreme Court nomination,https://en.wikipedia.org/wiki/Harriet_Miers_Supreme_Court_nomination
956,We should end affirmative action,"In the 2000 campaign, Lieberman assured the black voters, ""I have supported affirmative action, I do support affirmative action, and I will support affirmative action because history and current reality make it necessary.""[REF] .",Political positions of Joe Lieberman,https://en.wikipedia.org/wiki/Political_positions_of_Joe_Lieberman
957,We should end affirmative action,"The Constitutional Court declared in October 2005 that affirmative action i.e. ""providing advantages for people of an ethnic or racial minority group"" as being against its Constitution [REF].",Affirmative action,https://en.wikipedia.org/wiki/Affirmative_action
958,We should end affirmative action,"In February 2007, Sarkozy appeared on a televised debate on TF1 where he expressed his support for affirmative action and the freedom to work overtime.",Nicolas Sarkozy,https://en.wikipedia.org/wiki/Nicolas_Sarkozy
959,We should end affirmative action,"In 1970, the federal Office for Civil Rights issued a memorandum which stated that school districts must take affirmative action to ensure that the native language of minority students did not inhibit their participation in the educational system [REF].",Title III,https://en.wikipedia.org/wiki/Title_III
960,We should end affirmative action,"In 1965, President Lyndon B. Johnson delivered a speech to the graduating class at Howard, where he outlined his plans for civil rights legislation and endorsed aggressive affirmative action to combat the effects of years of segregation of blacks from the nation's economic opportunities [REF].",Howard University,https://en.wikipedia.org/wiki/Howard_University
961,We should end affirmative action,"In Fisher v. University of Texas at Austin, the APALC submitted a brief supporting the University of Texas in preserving the use of affirmative action in admissions, saying Asian students ""benefited from exposure to a diverse student body.""",Asian Pacific American Legal Center,https://en.wikipedia.org/wiki/Asian_Pacific_American_Legal_Center
962,We should end affirmative action,"Williams believes programs such as affirmative action and minimum wage laws set up to aide minorities have, in fact, been harmful to them and stifled their ability to advance in society.",Walter E. Williams,https://en.wikipedia.org/wiki/Walter_E._Williams
963,We should end affirmative action,"According to a poll taken by USA Today in 2005, most Americans support affirmative action for women; with minority groups, it is more split [REF].",Affirmative action,https://en.wikipedia.org/wiki/Affirmative_action
964,We should end affirmative action,"In 2006, nearly 60% of Michigan voters decided to ban affirmative action in university admissions.",Affirmative action in the United States,https://en.wikipedia.org/wiki/Affirmative_action_in_the_United_States
965,We should end affirmative action,"Researchers found that a removal of affirmative action policies from all colleges and universities would result in a significant drop in minority presence in all institutions of higher education, upholding affirmative action's role in diversity in the American classroom [REF].",Diversity in the classroom,https://en.wikipedia.org/wiki/Diversity_in_the_classroom
966,We should end affirmative action,"In addition, Mercer opposes affirmative action and argues against the therapeutic society that seeks to attribute individuals' negative or criminal actions to disease or social disorders [REF].",Ilana Mercer,https://en.wikipedia.org/wiki/Ilana_Mercer
967,We should end affirmative action,"Elkins' views were influential during the late 1960s when Daniel Patrick Moynihan, supported Affirmative action programs in order to counteract the lingering effects of slavery on black culture.",Stanley Elkins,https://en.wikipedia.org/wiki/Stanley_Elkins
968,We should end affirmative action,"Wesolowski supported affirmative action programs for Saskatoon Catholic teachers in 2001, arguing that past policies had discriminated against women and aboriginals.","Reform Party of Canada candidates, 1993 Canadian federal election","https://en.wikipedia.org/wiki/Reform_Party_of_Canada_candidates,_1993_Canadian_federal_election"
969,We should end affirmative action,"In the Grutter case, the Court found by a 5-4 margin that the affirmative action policies of the University of Michigan Law School were constitutional.",Lee Bollinger,https://en.wikipedia.org/wiki/Lee_Bollinger
970,We should end affirmative action,"The justification for affirmative action is that it helps to compensate for past discrimination, persecution or exploitation by the ruling class of a culture,[REF] and to address existing discrimination [REF].",Affirmative action,https://en.wikipedia.org/wiki/Affirmative_action
971,We should end affirmative action,"National Board, January 1989 The League advocates affirmative action programs for minorities and women and opposes private school vouchers [REF].",League of Women Voters,https://en.wikipedia.org/wiki/League_of_Women_Voters
972,We should end affirmative action,"While attending law school, Bruning wrote a column for the Daily Nebraskan student newspaper advocating several liberal viewpoints, including support for abortion rights, gun control, affirmative action and gay rights, while criticizing Ronald Reagan and describing trickle-down economics as ""a farce.""",Jon Bruning,https://en.wikipedia.org/wiki/Jon_Bruning
973,We should end affirmative action,Opponents of affirmative action such as George Sher believe that affirmative action devalues the accomplishments of people who are chosen based on the social group to which they belong rather than their qualifications [REF].,Affirmative action,https://en.wikipedia.org/wiki/Affirmative_action
974,We should end affirmative action,"In the 1970s, the Malaysian government implemented policies which The Economist called ""racially discriminatory"" designed to favour bumiputras (including affirmative action in public education) to create opportunities, and to defuse inter-ethnic tensions following the extended violence against Chinese Malaysians in the 13 May Incident in 1969 [REF].",Bumiputera (Malaysia),https://en.wikipedia.org/wiki/Bumiputera_(Malaysia)
975,We should end affirmative action,"As president of the Harvard Law Review in 1990, Obama had published an article Fried wrote criticizing the effects of race-based affirmative action [REF].",Charles Fried,https://en.wikipedia.org/wiki/Charles_Fried
976,We should end affirmative action,The Center for Individual Rights has asked the U.S. Sixth Circuit Court of Appeals to overturn Judge Lawson's ruling and force the universities to adhere to the ban on affirmative action immediately [REF].,Michigan Civil Rights Initiative,https://en.wikipedia.org/wiki/Michigan_Civil_Rights_Initiative
977,We should legalize polygamy,"Philip Kilbride, an American anthropologist, in his book, Plural Marriage for our Time, proposes polygamy as a solution to some of the ills of the American society at large.",Criticism of marriage,https://en.wikipedia.org/wiki/Criticism_of_marriage
978,We should legalize polygamy,"Christian church leaders such as Archbishop Peter Akinola of the Anglican Church of Nigeria have condemned the practice of polygamy by Christians, with Akinola going on to write ""The observation [of polygamy] will destroy our witness if not firmly addressed.",Polygamy in Nigeria,https://en.wikipedia.org/wiki/Polygamy_in_Nigeria
979,We should legalize polygamy,"In 2001, the Grand Mufti (the highest religious authority) issued a fatwa, or opinion, calling upon Saudi women to accept polygamy as part of the Islamic package and declaring that polygamy was necessary ""to fight against..the growing epidemic of spinsterhood"" [REF].",Legal system of Saudi Arabia,https://en.wikipedia.org/wiki/Legal_system_of_Saudi_Arabia
980,We should legalize polygamy,"In the former USSR republics, a prohibition against polygamy has been inherited from Soviet Law.",Polygyny,https://en.wikipedia.org/wiki/Polygyny
981,We should legalize polygamy,"The Bedouin comprise the youngest population in Israeli society[REF] and with an annual growth rate of 5.5% [REF].In 2003, Director of the Israeli Population Administration Department, Herzl Gedj,[REF] described polygamy in the Bedouin sector a ""security threat"" and advocated various means of reducing the Arab birth rate [REF].",Negev Bedouin,https://en.wikipedia.org/wiki/Negev_Bedouin
982,We should legalize polygamy,The polemicist John Milton expressed support for polygamy in his De doctrina christiana [REF].,Polygamy in Christianity,https://en.wikipedia.org/wiki/Polygamy_in_Christianity
983,We should legalize polygamy,There are some modern Biblical scholars who believe that the Bible advocates polygamy such as Blaine Robinson.,Polygamy in Christianity,https://en.wikipedia.org/wiki/Polygamy_in_Christianity
984,We should legalize polygamy,Islamic feminists such as Shukria Barakzai oppose multiple marriages.,Polygyny in Islam,https://en.wikipedia.org/wiki/Polygyny_in_Islam
985,We should legalize polygamy,"Sarah Pratt, first wife of Mormon Apostle Orson Pratt, in an outspoken critique of Mormon polygamy said that [polygamy] completely demoralizes good men and makes bad men correspondingly worse.",Criticism of The Church of Jesus Christ of Latter-day Saints,https://en.wikipedia.org/wiki/Criticism_of_The_Church_of_Jesus_Christ_of_Latter-day_Saints
986,We should legalize polygamy,"In the US, the Libertarian Party supports complete decriminalization of polygamy as part of a general belief that the government should not regulate marriages.",Polygamy,https://en.wikipedia.org/wiki/Polygamy
987,We should legalize polygamy,"President Garfield stated that polygamy offended ""the moral sense of manhood"" and that the LDS Church, which advocated the practice, prevented the ""administration of justice through ordinary instrumentalities of law.""[REF] .",James A. Garfield,https://en.wikipedia.org/wiki/James_A._Garfield
988,We should legalize polygamy,One of the conditions for granting Utah and other western territories statehood was that a ban on polygamy be written into the state constitution.,1890 Manifesto,https://en.wikipedia.org/wiki/1890_Manifesto
989,We should legalize polygamy,"Israel, in accordance with Western ethics, has made polygamy illegal [REF].",Polygamy,https://en.wikipedia.org/wiki/Polygamy
990,We should legalize polygamy,"The government has promoted polygamy as part of a return to ""Islamic values"" program [REF].",Legal system of Saudi Arabia,https://en.wikipedia.org/wiki/Legal_system_of_Saudi_Arabia
991,We should legalize polygamy,Brigham Young once said that those who do not support polygamy will be damned to hell and that a man with only one wife will be forced to be single in Heaven [REF].,Atheist feminism,https://en.wikipedia.org/wiki/Atheist_feminism
992,We should legalize polygamy,"In 1882, Congress passed the Edmunds Act, which made polygamy a felony and posed a serious threat to Utah's long-stalled bid for statehood.",Agnes Taylor,https://en.wikipedia.org/wiki/Agnes_Taylor
993,We should legalize polygamy,"Zhirinovsky made his first proposal to legalize polygamy as early as 1993, after Kadyrov's declaration that he would introduce an amendment to legalize polygyny for all Russian citizens [REF].",Polygyny,https://en.wikipedia.org/wiki/Polygyny
994,We should legalize polygamy,Critics of polygamy in the early LDS Church claim that church leaders established the practice of polygamy in order to further their immoral desires for sexual gratification with multiple sexual partners [REF].,Mormonism and polygamy,https://en.wikipedia.org/wiki/Mormonism_and_polygamy
995,We should legalize polygamy,"Early Church Fathers advocated against polygamy, abortion, infanticide, child abuse, homosexuality, transvestism, and incest [REF].",Role of the Catholic Church in Western civilization,https://en.wikipedia.org/wiki/Role_of_the_Catholic_Church_in_Western_civilization
996,We should legalize polygamy,"Romney's paternal great-grandparents practiced plural marriage, and went to Mexico in 1884 after the 1878 U.S. Supreme Court decision in Reynolds v. United States that upheld laws banning polygamy [REF].",Public image of Mitt Romney,https://en.wikipedia.org/wiki/Public_image_of_Mitt_Romney
997,We should legalize polygamy,"In modern times a minority of Roman Catholic theologians have argued that polygamy, though not ideal, can be a legitimate form of Christian marriage in certain regions, in particular Africa [REF].",Polygamy,https://en.wikipedia.org/wiki/Polygamy
998,We should legalize polygamy,Sudanese President Omar Hassan al-Bashir has encouraged multiple marriages to increase the population [REF].,Polygamy,https://en.wikipedia.org/wiki/Polygamy
999,We should legalize polygamy,Sallabi would not oppose Hamas' armed struggle against Israel and supports the lifting of laws banning polygamy.,Aftermath of the Libyan civil war,https://en.wikipedia.org/wiki/Aftermath_of_the_Libyan_civil_war
1000,We should legalize polygamy,"Furthermore, former chief rabbi Ovadia Yosef[REF] has come out in favor of legalizing polygamy and the practice of pilegesh (concubine) by the Israeli government.",Polygamy,https://en.wikipedia.org/wiki/Polygamy
1001,We should legalize polygamy,"The autonomous regions of Somaliland and Puntland in northern Somalia also recognize polygamy, as does the country's Transitional Federal Government itself, since the country is governed by Sharia law.",Legal status of polygamy,https://en.wikipedia.org/wiki/Legal_status_of_polygamy
1002,We should legalize polygamy,"A 2005 report by the Alberta Civil Liberties Research Centre recommended that Canada decriminalize polygamy, stating: ""Criminalization is not the most effective way of dealing with gender inequality in polygamous and plural union relationships.",Polygamy in North America,https://en.wikipedia.org/wiki/Polygamy_in_North_America
1003,We should legalize polygamy,"Santorum included gay sex as a form of deviant sexual behavior, along with incest, polygamy, and bestiality, that he said threatens society and the family; he said he believed consenting adults do not have a constitutional right to privacy with respect to sexual acts [REF].",Savage Love,https://en.wikipedia.org/wiki/Savage_Love
1004,We should legalize polygamy,"On January 12, 2006, the Department of Justice (Canada) released a study, authored by three law professors at Queen's University, recommending that Canada repeal the laws that make polygamy a criminal offence [REF].",Freedom of religion in Canada,https://en.wikipedia.org/wiki/Freedom_of_religion_in_Canada
1005,We should legalize polygamy,"Ramzan Kadyrov, President of the Chechen Republic, has been quoted on radio as saying that the depopulation of Chechnya by war justifies legalizing polygamy [REF].",Polygyny,https://en.wikipedia.org/wiki/Polygyny
1006,We should legalize polygamy,A 2011 opinion poll showed that most Malaysians and Indonesians youth opposed polygamy.,Polygamy,https://en.wikipedia.org/wiki/Polygamy
1007,We should legalize polygamy,"Sarah Pratt ended her marriage to husband Orson Pratt in 1868 because of his ""obsession with marrying younger women""[REF] and condemned polygamy because: [polygamy] completely demoralizes good men and makes bad men correspondingly worse.",Sarah Marinda Bates Pratt,https://en.wikipedia.org/wiki/Sarah_Marinda_Bates_Pratt
1008,We should legalize polygamy,"In 1916, after the passage of the Jones Law, which transferred legislative power to a Philippine Senate and House of Representatives, polygamy was made illegal.",Maguindanao people,https://en.wikipedia.org/wiki/Maguindanao_people
1009,We should legalize polygamy,Richard Abanes claims that church leaders sometimes used polygamy to take advantage of young girls for immoral purposes [REF].,Latter Day Saint polygamy in the late 19th century,https://en.wikipedia.org/wiki/Latter_Day_Saint_polygamy_in_the_late_19th_century
1010,We should legalize polygamy,"Garfield had believed polygamy was criminal behavior and was morally detrimental to family values, and Arthur's views were, for once, in line with his predecessor's [REF].",Chester A. Arthur,https://en.wikipedia.org/wiki/Chester_A._Arthur
1011,We should legalize polygamy,"In 2003, Director of the Israeli Population Administration Department, Herzl Gedj, described polygamy in the Bedouin sector a ""security threat"" and advocated various means of reducing the Arab birth rate [REF].",Unrecognized Bedouin villages in Israel,https://en.wikipedia.org/wiki/Unrecognized_Bedouin_villages_in_Israel
1012,We should legalize polygamy,"In 1862, Congress issued the Morrill Anti-Bigamy Act which clarified that the practice of polygamy was illegal in all US territories.",Polygamy,https://en.wikipedia.org/wiki/Polygamy
1013,We should legalize polygamy,"After living with the African people, Kingsley became directly aware how their societies functioned and how prohibiting customs such as polygamy would be detrimental to their way of life.",Mary Kingsley,https://en.wikipedia.org/wiki/Mary_Kingsley
1014,We should legalize polygamy,"Early Church Fathers advocated against polygamy, homosexuality, transvestism, and incest [REF].",Role of the Catholic Church in Western civilization,https://en.wikipedia.org/wiki/Role_of_the_Catholic_Church_in_Western_civilization
1015,We should legalize polygamy,The recently independent country of Southern Sudan also recognizes polygamy.,Legal status of polygamy,https://en.wikipedia.org/wiki/Legal_status_of_polygamy
1016,We should abolish the three-strikes laws,"A UN report argued that ""three strikes"" laws that deprive alleged copyright infringers of Internet access violate human rights [REF].",Copyright (Infringing File Sharing) Amendment Act 2011,https://en.wikipedia.org/wiki/Copyright_(Infringing_File_Sharing)_Amendment_Act_2011
1017,We should prohibit hydraulic fracturing,"On March 28, 2012 Ruffalo appeared on the Colbert report to discuss his continued opposition to fracking and promote www.waterdefense.org .",Mark Ruffalo,https://en.wikipedia.org/wiki/Mark_Ruffalo
1018,We should prohibit hydraulic fracturing,"After a nationwide protest in January 2012, the government decided to ban the hydraulic fracturing technology [REF].",Hydraulic fracturing by country,https://en.wikipedia.org/wiki/Hydraulic_fracturing_by_country
1019,We should prohibit hydraulic fracturing,"The Green Party of New York advocates a ban on hydraulic fracturing, which was brought up in the gubernatorial debate by Howie Hawkins [REF].",Green Party of New York,https://en.wikipedia.org/wiki/Green_Party_of_New_York
1020,We should prohibit hydraulic fracturing,A study published in May 2011 concluded that fracking has seriously contaminated shallow groundwater supplies in northeast Pennsylvania with flammable methane.,Shale gas,https://en.wikipedia.org/wiki/Shale_gas
1021,We should prohibit hydraulic fracturing,"In response to calls to ban fracking in parts of New York, the Manhattan Institute released a report in 2011 projecting that allowing fracking would stimulate the state economy to the tune of $11 billion [REF].",Manhattan Institute for Policy Research,https://en.wikipedia.org/wiki/Manhattan_Institute_for_Policy_Research
1022,We should prohibit hydraulic fracturing,"ProPublica, an online journal, has published a number of reports that suggest hydraulic fracturing could be the cause of water contamination in areas surrounding drilling operations.",Fracturing Responsibility and Awareness of Chemicals Act,https://en.wikipedia.org/wiki/Fracturing_Responsibility_and_Awareness_of_Chemicals_Act
1023,We should prohibit hydraulic fracturing,A report in the UK concluded that fracking was the likely cause of some small earth tremors that happened during shale gas drilling [REF].,Hydraulic fracturing,https://en.wikipedia.org/wiki/Hydraulic_fracturing
1024,We should prohibit hydraulic fracturing,A 2011 investigation by the New York Times based on various leaked EPA documents found that hydraulic fracturing had resulted in significant increases of radioactive material including radium and carcinogens including benzene in major rivers and watersheds [REF].,Hydraulic fracturing in the United States,https://en.wikipedia.org/wiki/Hydraulic_fracturing_in_the_United_States
1025,We should prohibit hydraulic fracturing,"The final report concluded simply that fracking ""poses little or no threat to drinking water"" [REF].",Hydraulic fracturing,https://en.wikipedia.org/wiki/Hydraulic_fracturing
1026,We should prohibit hydraulic fracturing,In his later years in Congress he vehemently opposed hydraulic fracturing to exploit the natural gas resources of the Marcellus Shale.,Maurice Hinchey,https://en.wikipedia.org/wiki/Maurice_Hinchey
1027,We should prohibit hydraulic fracturing,"Also the Council of Canadians and Sierra Club Canada which take a strong position against hydraulic fracturing[REF] and wants it banned in Canada entirely, and have supported specific bans in Nova Scotia [REF] and New Brunswick.",Canadian Association of Petroleum Producers,https://en.wikipedia.org/wiki/Canadian_Association_of_Petroleum_Producers
1028,We should prohibit hydraulic fracturing,"A study out of Cornell's College of Veterinary Medicine, soon to be published in 'New Solutions: A Journal of Environmental and Occupational Health Policy,' suggests that hydraulic fracking is sickening and killing cows, horses, goats, llamas, chickens, dogs, cats, fish and other wildlife, as well as humans.",Environmental impact of hydraulic fracturing in the United States,https://en.wikipedia.org/wiki/Environmental_impact_of_hydraulic_fracturing_in_the_United_States
1029,We should prohibit hydraulic fracturing,"Dr. Anthony Ingraffea, D. C. Baum Professor of Engineering at Cornell University, whose research has involved fracture mechanics for more than 30 years, has said that drilling and hydraulic fracturing can liberate biogenic natural gas into a fresh water aquifer.",Gasland,https://en.wikipedia.org/wiki/Gasland
1030,We should prohibit hydraulic fracturing,"An early draft of the study discussed the possibility of dangerous levels of fracking-fluid contamination, and mentioned ""possible evidence"" of aquifer contamination; both these points were absent from the final report, which concluded simply that fracking ""poses little or no threat to drinking water"" [REF].",Environmental impact of hydraulic fracturing in the United States,https://en.wikipedia.org/wiki/Environmental_impact_of_hydraulic_fracturing_in_the_United_States
1031,We should prohibit hydraulic fracturing,"The New York State assembly voted 93 to 43, Nov. 30, 2010, to place a moratorium or freeze on hydraulic fracturing to give the state more time to undertake safety and environmental concerns [REF].",Hydraulic fracturing in the United States,https://en.wikipedia.org/wiki/Hydraulic_fracturing_in_the_United_States
1032,We should prohibit hydraulic fracturing,"The majority of US citizens do not support hydraulic fracturing, regardless of party [REF].",Environmental impact of hydraulic fracturing in the United States,https://en.wikipedia.org/wiki/Environmental_impact_of_hydraulic_fracturing_in_the_United_States
1033,We should prohibit hydraulic fracturing,"Stringer hosted many Manhattan Community Boards to discuss the potential problems associated with ""fracking"", such as contamination to the water supply [REF].",Scott Stringer,https://en.wikipedia.org/wiki/Scott_Stringer
1034,We should prohibit hydraulic fracturing,"A 2011 Cornell University study found that natural gas extracted by hydraulic fracturing may contribute as much to global warming as coal, or more so [REF].",Hydraulic fracturing in the United States,https://en.wikipedia.org/wiki/Hydraulic_fracturing_in_the_United_States
1035,We should prohibit hydraulic fracturing,A 2008 investigation of benzene contamination in Colorado and Wyoming led some EPA officials to suggest hydraulic fracturing as a culprit.,Hydraulic fracturing in the United States,https://en.wikipedia.org/wiki/Hydraulic_fracturing_in_the_United_States
1036,We should prohibit hydraulic fracturing,"The NYC Dept. of Environmental Protection's position: ""While DEP is mindful of the potential economic opportunity that this represents for the State, hydraulic fracturing poses an unacceptable threat to the unfiltered water supply of nine million New Yorkers and cannot safely be permitted with the New York City watershed.""[REF] .",Hydraulic fracturing in the United States,https://en.wikipedia.org/wiki/Hydraulic_fracturing_in_the_United_States
1037,We should prohibit hydraulic fracturing,"Proponents say that hydraulic fracturing would give the United States energy independence,[REF] however, United States oil and natural gas companies have recently sought to build a new pipeline through Pennsylvania and Maryland[REF] to new liquid natural gas export terminals in Maryland,[REF] in order to increase profits by exporting gas to Europe and Asia (e.g.,",Hydraulic fracturing in the United States,https://en.wikipedia.org/wiki/Hydraulic_fracturing_in_the_United_States
1038,We should prohibit hydraulic fracturing,"The Bârlad City Hall, led by Constantin Constantinescu, started a campaign to collect signatures against the exploitation of shale gas through hydraulic fracture process [REF].",2012 Romanian protests,https://en.wikipedia.org/wiki/2012_Romanian_protests
1039,We should prohibit hydraulic fracturing,"Hydraulic fracturing also affects individuals in close proximity to the activity, like the case previously discussed about the nurse who became ill after exposure from treating a hydraulic fracturing worker (Frankowski, 2008) [REF].",Hydraulic fracturing in the United States,https://en.wikipedia.org/wiki/Hydraulic_fracturing_in_the_United_States
1040,We should prohibit hydraulic fracturing,"Encana's hydraulic fracturing operations in the United States are visible in the 2010 documentary, Gasland, which alleges that hydraulic fracturing causes pollution of ground and surface water, as well as air and soil pollution.",Encana,https://en.wikipedia.org/wiki/Encana
1041,We should prohibit hydraulic fracturing,"In 2004, the EPA released a study that concluded the threat to drinking water from hydraulic fracturing was ""minimal"" and the Energy Policy Act of 2005 exempted fractured wells from being re-classified as injection wells, which would place them under federal regulation under the Safe Drinking Water Act [REF].",Hydraulic fracturing in the United States,https://en.wikipedia.org/wiki/Hydraulic_fracturing_in_the_United_States
1042,We should prohibit hydraulic fracturing,"Advances in the technology of 3-D seismic imaging, drilling and completion technology, including hydraulic fracturing techniques has enabled Chief to produce gas from the low permeability Barnett Shale and Marcellus Shale that otherwise would not be economically feasible.",Chief Oil & Gas,https://en.wikipedia.org/wiki/Chief_Oil_&_Gas
1043,We should prohibit hydraulic fracturing,"Congressional Study A 2011 study by Congressional Democrats found that, in the process of hydraulic fracturing, ""oil and gas companies injected hundreds of millions of gallons of hazardous or carcinogenic chemicals into wells in more than 13 states from 2005 to 2009,"" according to the New York Times [REF].",Hydraulic fracturing in the United States,https://en.wikipedia.org/wiki/Hydraulic_fracturing_in_the_United_States
1044,We should prohibit hydraulic fracturing,"A heavily criticised 2004 study by the US Environmental Protection Agency-which concluded fracking posed ""little or no threat to drinking water"", a conclusion that was the likely basis for fracking's controversial exemption from the Safe Drinking Water Act in 2005-operated within this same narrow framework: complete inattention to anything other than the injection phase of the fracking process [REF].",Hydraulic fracturing in the United Kingdom,https://en.wikipedia.org/wiki/Hydraulic_fracturing_in_the_United_Kingdom
1045,We should prohibit hydraulic fracturing,"""GASLAND has a critically important message that people need to hear-that hydraulic fracturing, the gas drilling technology that is sweeping the nation, is completely unregulated by the federal government and poses unacceptable risks to drinking water supplies throughout the country, especially New York City's drinking water supply from upstate New York,"" Gennaro said in a release.",James F. Gennaro,https://en.wikipedia.org/wiki/James_F._Gennaro
1046,We should prohibit hydraulic fracturing,"On 8 December 2011, the EPA issued a draft finding which stated that groundwater contamination in Pavillion, Wyoming may be the result of fracking in the area.",Shale gas,https://en.wikipedia.org/wiki/Shale_gas
1047,We should prohibit hydraulic fracturing,"Natural gas drilling increased in the United States after the Environmental Protection Agency said in 2004 that hydraulic fracturing, ""posed little or no threat"" to drinking water [REF].",Regulatory capture,https://en.wikipedia.org/wiki/Regulatory_capture
1048,We should prohibit hydraulic fracturing,The study concluded that fracking has seriously contaminated shallow groundwater supplies in northeast Pennsylvania with flammable methane.,Hydraulic fracturing in the United States,https://en.wikipedia.org/wiki/Hydraulic_fracturing_in_the_United_States
1049,We should prohibit hydraulic fracturing,"During the 2012 presidential campaign, GOP Primary Candidate Rick Perry cited a study funded by the Marcellus Shale Coalition that fracking the Marcellus Formation is expected to create a quarter million jobs under the current policies of the Obama administration [REF].",Marcellus Formation,https://en.wikipedia.org/wiki/Marcellus_Formation
1050,We should prohibit hydraulic fracturing,The Manhattan Institute is a proponent of the hydraulic fracturing (fracking) method of extracting natural gas and oil from underground deposits.,Manhattan Institute for Policy Research,https://en.wikipedia.org/wiki/Manhattan_Institute_for_Policy_Research
1051,We should introduce school vouchers,"The Alliance for the Separation of School & State opposes education vouchers on the grounds that ""if vouchers become commonplace, private and religious schools will become more and more like public schools.""[REF]",School voucher,https://en.wikipedia.org/wiki/School_voucher
1052,We should introduce school vouchers,Education: Tran opposes taxpayer-funded school voucher programs.,Hong Tran,https://en.wikipedia.org/wiki/Hong_Tran
1053,We should introduce school vouchers,LePage supports a school voucher system and structuring pay to reward teachers for performance.,Paul LePage,https://en.wikipedia.org/wiki/Paul_LePage
1054,We should introduce school vouchers,"Some proponents of school vouchers, including the Sutherland Institute and many supporters of the Utah voucher effort, see it as a remedy for the negative cultural impact caused by under-performing public schools, which falls disproportionately on demographic minorities.",School voucher,https://en.wikipedia.org/wiki/School_voucher
1055,We should introduce school vouchers,"Unlike many Democrats, he said he was ""open"" to Sam Brownback's proposal to implement a flat tax in D.C., and he supported school vouchers.",Anthony A. Williams,https://en.wikipedia.org/wiki/Anthony_A._Williams
1056,We should introduce school vouchers,"Education According to the candidates' questionnaire, Casey opposes school vouchers [REF].","Bob Casey, Jr.","https://en.wikipedia.org/wiki/Bob_Casey,_Jr."
1057,We should introduce school vouchers,"In 2006, the Court struck down a law passed by the Florida State Legislature that had created the United States' first statewide education voucher program.",Lawton Chiles,https://en.wikipedia.org/wiki/Lawton_Chiles
1058,We should introduce school vouchers,"On public education, Bradley reversed his previous support of school vouchers, declaring them a failure.","Bill Bradley presidential campaign, 2000","https://en.wikipedia.org/wiki/Bill_Bradley_presidential_campaign,_2000"
1059,We should introduce school vouchers,"In May 1999, Mayor Giuliani advocated in favor of education vouchers, proposing to allocate several million dollars to allow poor children attending poor-performing public schools to attend private schools [REF].",Political positions of Rudy Giuliani,https://en.wikipedia.org/wiki/Political_positions_of_Rudy_Giuliani
1060,We should introduce school vouchers,"In 1994, Romney, as a candidate for U.S. Senate, pledged to vote to establish a means-tested school voucher program to allow students to attend the public or private school of their choice [REF].",Political positions of Mitt Romney,https://en.wikipedia.org/wiki/Political_positions_of_Mitt_Romney
1061,We should introduce school vouchers,"During an October 2004 debate, Obama stated that he opposed education vouchers for use at private schools because he believes they would undermine public schools [REF].",Economic policy of Barack Obama,https://en.wikipedia.org/wiki/Economic_policy_of_Barack_Obama
1062,We should introduce school vouchers,School vouchers are legally controversial in some states; in 2005 the Florida Supreme Court found that school vouchers were unconstitutional under the Florida Constitution.,School choice,https://en.wikipedia.org/wiki/School_choice
1063,We should introduce school vouchers,"First, the Commission proposed that the state constitution be amended to permit education vouchers to be given to those parents who did not want their children attending integrated schools, or to those children who lived in counties where public schools had been abolished [REF].",Stanley plan,https://en.wikipedia.org/wiki/Stanley_plan
1064,We should introduce school vouchers,"In 1990, Milwaukee became the first community in the United States to adopt a school voucher program.",Milwaukee Public Schools,https://en.wikipedia.org/wiki/Milwaukee_Public_Schools
1065,We should introduce school vouchers,"In Zelman, the Court approved a school voucher program that aided church schools along with other private schools.",William Rehnquist,https://en.wikipedia.org/wiki/William_Rehnquist
1066,We should introduce school vouchers,Education: Supports No Child Left Behind Act; advocates more standardized testing; supports school voucher programs; supports English-only education.,Mel Martinez,https://en.wikipedia.org/wiki/Mel_Martinez
1067,We should introduce school vouchers,Most Republicans support school choice through charter schools and school vouchers for private schools; many have denounced the performance of the public school system and the teachers' unions.,Republican Party (United States),https://en.wikipedia.org/wiki/Republican_Party_(United_States)
1068,We should introduce school vouchers,"The NEA has often opposed measures such as merit pay, school vouchers, weakening of teacher tenure, certain curricular changes, the No Child Left Behind Act, and many accountability reforms.",National Education Association,https://en.wikipedia.org/wiki/National_Education_Association
1069,We should introduce school vouchers,Jones also advocates school vouchers to give parents more choices of which schools to send their children [REF].,Vernon Jones,https://en.wikipedia.org/wiki/Vernon_Jones
1070,We should introduce school vouchers,Proponents assert that school voucher and education tax credit systems promote free market competition among both private and public schools.,School voucher,https://en.wikipedia.org/wiki/School_voucher
1071,We should introduce school vouchers,"In Zelman v. Simmons-Harris, 536 U.S. 639 (2002), the Supreme Court of the United States held that school vouchers could be used to pay for education in sectarian schools without violating the Establishment Clause of the First Amendment.",School choice,https://en.wikipedia.org/wiki/School_choice
1072,We should introduce school vouchers,Griffin campaigned against school vouchers and for reform of school funding in Ohio.,John W. Griffin (politician),https://en.wikipedia.org/wiki/John_W._Griffin_(politician)
1073,We should introduce school vouchers,Gohmert has made statements and voted for legislation that support the use of school vouchers [REF].,Louie Gohmert,https://en.wikipedia.org/wiki/Louie_Gohmert
1074,We should introduce school vouchers,Leahy has consistently voted to uphold Social Security and has opposed school vouchers [REF].,Patrick Leahy,https://en.wikipedia.org/wiki/Patrick_Leahy
1075,We should introduce school vouchers,"National Board, January 1989 The League advocates affirmative action programs for minorities and women and opposes private school vouchers [REF].",League of Women Voters,https://en.wikipedia.org/wiki/League_of_Women_Voters
1076,We should introduce school vouchers,"When drop-out rates and test scores showed little improvement, Johnson changed his tactics and began advocating for school vouchers - a key issue in budget battles of his second term [REF].",Gary Johnson,https://en.wikipedia.org/wiki/Gary_Johnson
1077,We should introduce school vouchers,"Before winning elected office, Walsh's raised funds for groups promoting school vouchers to allow children to receive public funds to attend private schools [REF].",Joe Walsh (Illinois politician),https://en.wikipedia.org/wiki/Joe_Walsh_(Illinois_politician)
1078,We should introduce school vouchers,"In that campaign, Dewhurst stressed his interest in public education and opposition to school vouchers.",David Dewhurst,https://en.wikipedia.org/wiki/David_Dewhurst
1079,We should introduce school vouchers,"Hopes were initially high when, on March 6, 1956, the Virginia constitutional convention voted 39-to-1 to approve the constitutional amendment to permit educational vouchers [REF].",Stanley plan,https://en.wikipedia.org/wiki/Stanley_plan
1080,We should ban strip clubs,"""[R]esearch on strip clubs in the US found that all dancers had suffered verbal harassment and physical and sexual abuse while at work; all had been propositioned for prostitution; and three-quarters had been stalked by men associated with the club.""[REF] .",Lap dance,https://en.wikipedia.org/wiki/Lap_dance
1081,We should adopt atheism,A 2006 study at the University of Minnesota showed atheists to be the most distrusted minority among Americans.,Freedom of religion in the United States,https://en.wikipedia.org/wiki/Freedom_of_religion_in_the_United_States
1082,We should adopt atheism,"A number of religions (such as Roman Catholicism, for example) also suggest that atheism has highly negative effects on the individuals after death: a point taken up by Pascal in Pascal's Wager (see picture and caption).",Criticism of atheism,https://en.wikipedia.org/wiki/Criticism_of_atheism
1083,We should adopt atheism,"On the ""Lunchtime with Jonathan Healy"" show on Newstalk radio on 7 March 2012, Twomey defended his material, claiming ""It is a fact that atheism has produced the worst atrocities in history such as Nazism"" and ""I stand over my course, I stand over what I said"" [REF].",Vincent Twomey,https://en.wikipedia.org/wiki/Vincent_Twomey
1084,We should adopt atheism,"Christian author Alister McGrath has criticized atheism, citing studies suggesting that religion and belief in God are correlated with improved individual health, happiness, and life expectancy [REF].",Criticism of atheism,https://en.wikipedia.org/wiki/Criticism_of_atheism
1085,We should adopt atheism,Philosophers such as Plato argued that atheism (as we understand it today) was a danger to society and should be punished as a crime [REF].,Discrimination against atheists,https://en.wikipedia.org/wiki/Discrimination_against_atheists
1086,We should adopt atheism,"La Mettrie defended a purely pleasure-based view of the proper end of human life, and advocated atheism as the only means of liberating human beings from the various forms of oppression which stand in the way of human progress.",Deism in England and France in the 18th century,https://en.wikipedia.org/wiki/Deism_in_England_and_France_in_the_18th_century
1087,We should ban trans fats usage in food,As early as 1956 there were suggestions in the scientific literature that trans fats could be a cause of the large increase in coronary artery disease but after three decades the concerns were still largely unaddressed [REF].,Trans fat,https://en.wikipedia.org/wiki/Trans_fat
1088,We should ban trans fats usage in food,"King County of Washington passed a ban on artificial trans fats effective February 1, 2009 [REF].",Trans fat,https://en.wikipedia.org/wiki/Trans_fat
1089,We should ban trans fats usage in food,"Finding that the voluntary program was not successful, New York City's Board of Health in 2006 solicited public comments on a proposal to ban artificial trans fats in restaurants [REF].",Trans fat,https://en.wikipedia.org/wiki/Trans_fat
1090,We should ban trans fats usage in food,One study has found a positive connection between trans fat and prostate cancer [REF].,Trans fat,https://en.wikipedia.org/wiki/Trans_fat
1091,We should ban trans fats usage in food,"The former federal assistant health minister, Christopher Pyne, asked fast food outlets to reduce their trans fat usage.",Trans fat,https://en.wikipedia.org/wiki/Trans_fat
1092,We should ban trans fats usage in food,The American Medical Association supports any state and federal efforts to ban the use of artificial trans fats in U.S. restaurants and bakeries [REF].,Trans fat,https://en.wikipedia.org/wiki/Trans_fat
1093,We should ban trans fats usage in food,"In February 2008, Newsom, also a restaurateur, signed a measure, backed by the Golden Gate Restaurant Association, to ask San Francisco restaurants to voluntarily ban trans fats from their kitchens [REF].",Mayoralty of Gavin Newsom,https://en.wikipedia.org/wiki/Mayoralty_of_Gavin_Newsom
1094,We should ban trans fats usage in food,"The Canadian health claim ""A healthy diet low in saturated and trans fat and reduced risk of heart disease"" is commonly accepted and correlated.",Canadian health claims,https://en.wikipedia.org/wiki/Canadian_health_claims
1095,We should ban trans fats usage in food,"In 2009, a systematic review supported by the Heart and Stroke Foundation of Canada of prospective cohort studies or randomized trials concluded that there was ""insufficient evidence of association"" between intake of saturated fatty acids and coronary heart disease, and pointed to strong evidence for protective factors such as vegetables and a Mediterranean diet and harmful factors such as trans fats and foods with a high glycemic index [REF].",Saturated fat and cardiovascular disease controversy,https://en.wikipedia.org/wiki/Saturated_fat_and_cardiovascular_disease_controversy
1096,We should ban trans fats usage in food,"A comprehensive review of studies of trans fats was published in 2006 in the New England Journal of Medicine reports a strong and reliable connection between trans fat consumption and CHD, concluding that ""On a per-calorie basis, trans fats appear to increase the risk of CHD more than any other macronutrient, conferring a substantially increased risk at low levels of consumption (1 to 3% of total energy intake)"" [REF].",Trans fat,https://en.wikipedia.org/wiki/Trans_fat
1097,We should ban trans fats usage in food,A study of over 700 nurses showed that those in the highest quartile of trans fat consumption had blood levels of CRP that were 73% higher than those in the lowest quartile [REF].,C-reactive protein,https://en.wikipedia.org/wiki/C-reactive_protein
1098,We should ban trans fats usage in food,"On 15 April 2010, a BMJ (British Medical Journal) editorial called for trans fats to be ""virtually eliminated in the United Kingdom by next year"" [REF].",Trans fat,https://en.wikipedia.org/wiki/Trans_fat
1099,We should ban trans fats usage in food,"Another study considered deaths due to CHD, with consumption of trans fats being linked to an increase in mortality, and consumption of polyunsaturated fats being linked to a decrease in mortality [REF].",Trans fat,https://en.wikipedia.org/wiki/Trans_fat
1100,We should ban trans fats usage in food,"Because of these facts and concerns, the NAS has concluded there is no safe level of trans fat consumption.",Trans fat,https://en.wikipedia.org/wiki/Trans_fat
1101,We should ban trans fats usage in food,"Similarly, in 2006, the Center for Science in the Public Interest sued KFC over its use of trans fats in fried foods [REF].",Trans fat,https://en.wikipedia.org/wiki/Trans_fat
1102,We should ban trans fats usage in food,"Several large studies have indicated a link between consumption of high amounts of trans fat and coronary heart disease, and possibly some other diseases,[REF][REF][REF][REF] prompting a number of government health agencies across the world to recommend that the intake of trans-fats be minimized.",Margarine,https://en.wikipedia.org/wiki/Margarine
1103,We should ban trans fats usage in food,"Dosanjh introduced legislation to make cigarettes fire safe,[REF] new regulations to further limit lead content in children's jewelry,[REF] and supported and an NDP motion to ban trans fats [REF].",Ujjal Dosanjh,https://en.wikipedia.org/wiki/Ujjal_Dosanjh
1104,We should ban trans fats usage in food,Albany County of New York passed a ban on trans fats.,Trans fat,https://en.wikipedia.org/wiki/Trans_fat
1105,We should ban trans fats usage in food,"On July 25, 2008, California became the first state to ban trans fats in restaurants effective January 1, 2010 [REF].",Trans fat,https://en.wikipedia.org/wiki/Trans_fat
1106,We should ban trans fats usage in food,"On 13 December 2007, the Food Standards Agency issued news releases stating that voluntary measures to reduce trans fats in food had already resulted in safe levels of consumer intake [REF].",Trans fat,https://en.wikipedia.org/wiki/Trans_fat
1107,We should ban trans fats usage in food,"In an interview on Larry King Live, Weil claimed that sugar, starch, refined carbohydrates, and trans-fats are more dangerous to the human body than saturated fats.",Andrew Weil,https://en.wikipedia.org/wiki/Andrew_Weil
1108,We should ban trans fats usage in food,"In addition, processed foods often contain potentially harmful substances such as oxidized fats and trans fatty acids.",Nutrition,https://en.wikipedia.org/wiki/Nutrition
1109,We should ban trans fats usage in food,"Despite this, the FDA estimates that by 2009, trans fat labeling will have prevented from 600 to 1,200 cases of coronary heart disease and 250 to 500 deaths each year.",Trans fat,https://en.wikipedia.org/wiki/Trans_fat
1110,We should ban trans fats usage in food,"In November 2006, Taco Bell made a similar announcement, promising to remove trans fat from many of their menu items by switching to canola oil.",Trans fat,https://en.wikipedia.org/wiki/Trans_fat
1111,We should ban trans fats usage in food,"In 1994, it was estimated that trans fats caused 20,000 deaths annually in the US from heart disease [REF].",Trans fat,https://en.wikipedia.org/wiki/Trans_fat
1112,We should ban trans fats usage in food,"On January 1, 2008, Calgary became the first city in Canada to ban trans fats from restaurants and fast food chains.",Trans fat,https://en.wikipedia.org/wiki/Trans_fat
1113,We should ban trans fats usage in food,Scientific studies demonstrated that trans fat could raise cholesterol levels and increase the risk of heart disease.,Fazoli's,https://en.wikipedia.org/wiki/Fazoli's
1114,We should ban trans fats usage in food,"Obesity: Research indicates that trans fat may increase weight gain and abdominal fat, despite a similar caloric intake [REF].",Trans fat,https://en.wikipedia.org/wiki/Trans_fat
1115,We should ban trans fats usage in food,"The NAS is concerned ""that dietary trans fatty acids are more deleterious with respect to coronary heart disease than saturated fatty acids"" [REF].",Trans fat,https://en.wikipedia.org/wiki/Trans_fat
1116,We should ban trans fats usage in food,"Major depressive disorder: Spanish researchers analysed the diets of 12,059 people over six years and found those who ate the most trans fats had a 48 per cent higher risk of depression than those who did not eat trans fats [REF].",Trans fat,https://en.wikipedia.org/wiki/Trans_fat
1117,We should ban trans fats usage in food,Sainsbury's became the first UK major retailer to ban all trans fat from all their own brand foods.,Trans fat,https://en.wikipedia.org/wiki/Trans_fat
1118,We should ban trans fats usage in food,"Furthermore, the APHA recommends barring the sales and availability of foods containing significant amounts of trans fat in public facilities including universities, prisons, and day care facilities etc [REF].",Trans fat,https://en.wikipedia.org/wiki/Trans_fat
1119,We should ban trans fats usage in food,A study published in 2005 has determined that a positive relationship exists between the consumption of trans fat (commonly found in hydrogenated products such as margarine) and the development of endothelial dysfunction [REF].,Endothelial dysfunction,https://en.wikipedia.org/wiki/Endothelial_dysfunction
1120,We should ban trans fats usage in food,"In November 2006, Arby's announced[REF] that by May 2007, it would be eliminating trans fat from its French fries and reducing it in other products.",Trans fat,https://en.wikipedia.org/wiki/Trans_fat
1121,We should ban trans fats usage in food,"The consumption of trans fats increases the risk of coronary heart disease[REF][REF] by raising levels of LDL cholesterol and lowering levels of ""good"" HDL cholesterol [REF].",Trans fat,https://en.wikipedia.org/wiki/Trans_fat
1122,We should ban trans fats usage in food,"Just a month later Philadelphia City Council passed a ban on trans fat in restaurants, effective September 2, 2007 [REF].",Cuisine of Philadelphia,https://en.wikipedia.org/wiki/Cuisine_of_Philadelphia
1123,We should ban trans fats usage in food,"The consumption of trans fat (commonly found in hydrogenated products such as margarine) has been shown to cause the development of endothelial dysfunction, a precursor to atherosclerosis [REF].",Coronary artery disease,https://en.wikipedia.org/wiki/Coronary_artery_disease
1124,We should ban trans fats usage in food,"Enig believes that trans-fats lower the beneficial type of cholesterol (HDL)[REF] and pushed for improved labeling of trans fats on products,[REF] which has now become mandatory on products in the U.S. and in Europe.",Mary G. Enig,https://en.wikipedia.org/wiki/Mary_G._Enig
1125,We should ban trans fats usage in food,"In 2007, Cracker Barrel announced plans to remove artificial trans fats from its menu items [REF].",Cracker Barrel Old Country Store,https://en.wikipedia.org/wiki/Cracker_Barrel_Old_Country_Store
1126,We should ban trans fats usage in food,The government banning trans fat may have a positive top-down effect on the health of all individuals in that state or country.,Social ecological model,https://en.wikipedia.org/wiki/Social_ecological_model
1127,We should ban trans fats usage in food,"AB 97 made California the first in the nation to ban the use of Trans Fats in food preparation in all California restaurants, cafeterias and bakeries.",Tony Mendoza (politician),https://en.wikipedia.org/wiki/Tony_Mendoza_(politician)
1128,We should ban trans fats usage in food,Cancer: There is no scientific consensus that consumption of trans fats significantly increases cancer risks across the board [REF].,Trans fat,https://en.wikipedia.org/wiki/Trans_fat
1129,We should ban trans fats usage in food,The American Dietetic Association's 2008 systematic review found that a diet with 25%-35% total fat but less than 7% saturated fat and trans fat lowers the risk of coronary heart disease [REF].,Saturated fat and cardiovascular disease controversy,https://en.wikipedia.org/wiki/Saturated_fat_and_cardiovascular_disease_controversy
1130,We should ban trans fats usage in food,"On December 5, 2006, New York became the first city in the United States to ban trans-fat from all restaurants.",Mayoralty of Michael Bloomberg,https://en.wikipedia.org/wiki/Mayoralty_of_Michael_Bloomberg
1131,We should ban trans fats usage in food,Trans fats from partially hydrogenated oils are more harmful than naturally occurring oils [REF].,Trans fat,https://en.wikipedia.org/wiki/Trans_fat
1132,We should ban trans fats usage in food,"One example is CSPI's contention, from the mid-1990s onward, that trans fats pose a public health danger.",Center for Science in the Public Interest,https://en.wikipedia.org/wiki/Center_for_Science_in_the_Public_Interest
1133,We should ban trans fats usage in food,(Numerous studies and public health agencies have since supported the view that trans fats carry health risks [REF].),Center for Science in the Public Interest,https://en.wikipedia.org/wiki/Center_for_Science_in_the_Public_Interest
1134,We should ban trans fats usage in food,"An increased intake of trans fatty acids may raise the risk of breast cancer by 75%, suggest the results from the French part of the European Prospective Investigation into Cancer and Nutrition [REF].",Trans fat,https://en.wikipedia.org/wiki/Trans_fat
1135,We should further exploit hydroelectric dams,"Furthermore, the flexible production of energy from hydro power plants will contribute to the stability of the electricity supply in Bulgaria.",Gorna Arda Hydro Power Plant,https://en.wikipedia.org/wiki/Gorna_Arda_Hydro_Power_Plant
1136,We should further exploit hydroelectric dams,"The Combined Power Plant, a project linking 36 wind, solar, biomass, and hydroelectric installations throughout Germany, has demonstrated that a combination of renewable sources and more-effective control can balance out short-term power fluctuations and provide reliable electricity with 100 percent renewable energy [REF].",Energy security and renewable technology,https://en.wikipedia.org/wiki/Energy_security_and_renewable_technology
1137,We should further exploit hydroelectric dams,"According to that study, hydroelectricity produces the least amount of greenhouse gases and externality of any energy source [REF].",Hydroelectricity,https://en.wikipedia.org/wiki/Hydroelectricity
1138,We should further exploit hydroelectric dams,"The Lower Colorado River Authority operates six hydroelectric dams along the Colorado River in the Central Texas area that provide a source of renewable energy, and also formed six lakes that collectively are known as the Texas Highland Lakes: .",Lower Colorado River Authority,https://en.wikipedia.org/wiki/Lower_Colorado_River_Authority
1139,We should further exploit hydroelectric dams,"In 1984, as a leader of Montreal's anglophone community, Leopold proclaimed that notwithstanding the threat of the Quebec sovereignty movement, the hydroelectric power resources of Quebec would always sustain it as a vibrant economy .",Stephen Leopold,https://en.wikipedia.org/wiki/Stephen_Leopold
1140,We should further exploit hydroelectric dams,"The 2007 National Energy Policy supports the diversification and increase of energy sources, mainly through renewable energy such as hydroelectricity, geothermal, solar, wind power and biofuels (as well as mineral coal and natural gas).",Electricity sector in El Salvador,https://en.wikipedia.org/wiki/Electricity_sector_in_El_Salvador
1141,We should further exploit hydroelectric dams,"One study shows that a hydroelectric dam in the Amazon has 3.6 times larger greenhouse effect per kW•h than electricity production from oil, due to large scale emission of methane from decaying organic material[REF], though this is most significant as river valleys are initially flooded, and are of much less consequence for more boreal dams [REF].",Energy development,https://en.wikipedia.org/wiki/Energy_development
1142,We should further exploit hydroelectric dams,"The United States currently has over 2,000 hydroelectric power plants which supply 49% of its renewable electricity [REF].",Hydroelectricity,https://en.wikipedia.org/wiki/Hydroelectricity
1143,We should further exploit hydroelectric dams,The Snake River Plain and smaller river basins provide Idaho with some of the best hydroelectric power resources in the nation and its geologically active mountain areas have significant geothermal power and wind power potential.,Idaho,https://en.wikipedia.org/wiki/Idaho
1144,We should further exploit hydroelectric dams,The Norwegian Water Resources and Energy Directorate (NVE): (Provides licences for hydropower plant projects) Managing Norway's water resources; promoting an efficient energy market and cost-effective energy system; and promoting efficient energy use.,Governance of Hydropower in Scandinavia,https://en.wikipedia.org/wiki/Governance_of_Hydropower_in_Scandinavia
1145,We should further exploit hydroelectric dams,"In October 2010, China Yangtze Power, the largest hydropower corporation in China, and EuroSibEnergo, a Russian energy company, signed a cooperation agreement to expand hydroelectric energy production in Russia and export energy to China's northern territories [REF].",Renewable energy in Russia,https://en.wikipedia.org/wiki/Renewable_energy_in_Russia
1146,We should further exploit hydroelectric dams,"International Energy Agency Among sources of renewable energy, hydroelectric plants have the advantages of being long-lived-many existing plants have operated for more than 100 years.",Sustainable energy,https://en.wikipedia.org/wiki/Sustainable_energy
1147,We should further exploit hydroelectric dams,"Alexander Khetaguri, the Georgian Minister of Energy, proposed new hydroelectric projects worth well over 22,000 megawatts of capacity, which would cost over 40 billion USD and would be privately funded.",Economy of Georgia (country),https://en.wikipedia.org/wiki/Economy_of_Georgia_(country)
1148,We should further exploit hydroelectric dams,"Some of Tajikistan's neighbours, especially Uzbekistan, are concerned that construction of large hydroelectric plants within the headwaters of the region's rivers will result in shortages of water downstream [REF].",Sangtuda 1 Hydroelectric Power Plant,https://en.wikipedia.org/wiki/Sangtuda_1_Hydroelectric_Power_Plant
1149,We should further exploit hydroelectric dams,"Technologies that promote sustainable energy include renewable energy sources, such as hydroelectricity, solar energy, wind energy, wave power, geothermal energy, and tidal power, and also technologies designed to improve energy efficiency.",Sustainable energy,https://en.wikipedia.org/wiki/Sustainable_energy
1150,We should further exploit hydroelectric dams,"A study for the National Institute for Research in the Amazon found that Hydroelectric reservoirs release a large pulse of carbon dioxide from above-water decay of trees left standing in the reservoirs, especially during the first decade after closing [REF].",Reservoir,https://en.wikipedia.org/wiki/Reservoir
1151,We should further exploit hydroelectric dams,The Chixoy Hydroelectric Dam is the largest of the hydroelectric reservoirs with an effective capacity of 275 MW which supplies 15% of the countries electricity demand [REF].,Water resources management in Guatemala,https://en.wikipedia.org/wiki/Water_resources_management_in_Guatemala
1152,We should further exploit hydroelectric dams,"The National Electrification Law made producing hydroelectric power an absolute priority, as was standardising electricity in the country through a national transport network.",Tejo Power Station (history),https://en.wikipedia.org/wiki/Tejo_Power_Station_(history)
1153,We should further exploit hydroelectric dams,"In 1906, W.W. Van Arsdale formed the Eel River Power and Irrigation Company and contracted with the city of Ukiah for a hydroelectric generating station to increase electricity supply for the city.",Lake Pillsbury,https://en.wikipedia.org/wiki/Lake_Pillsbury
1154,We should further exploit hydroelectric dams,"The United States' hydroelectric plants make the largest contribution to the country's renewable energy, producing 248,100MW of the 371,700MW (67%) generated through all renewable energy [REF].",Energy policy of the United States,https://en.wikipedia.org/wiki/Energy_policy_of_the_United_States
1155,We should further exploit hydroelectric dams,"Following the BC provincial government's 2002 Energy Plan, publicly owned BC Hydro was forbidden from producing new sources of hydroelectricity as part of a shift to deregulate and privatize the BC electricity sector.",Western Canada Wilderness Committee,https://en.wikipedia.org/wiki/Western_Canada_Wilderness_Committee
1156,We should further exploit hydroelectric dams,"In DC, supporters of the dam, which later included state and federal officials, argued for the dam as a source of hydroelectric power and that it could stimulate the state's economy but local energy providers opposed the possibility of a state-run electric utility [REF].",Pensacola Dam,https://en.wikipedia.org/wiki/Pensacola_Dam
1157,We should further exploit hydroelectric dams,"The U.S. electric power industry now relies on large, central power stations, including coal, natural gas, nuclear, and hydropower plants that together generate more than 95% of the nation's electricity.",Renewable energy debate,https://en.wikipedia.org/wiki/Renewable_energy_debate
1158,We should further exploit hydroelectric dams,"The Act makes Vermont the first U.S. state to declare large-scale hydroelectric power as ""a renewable energy resource"" [REF].",Electricity sector in Canada,https://en.wikipedia.org/wiki/Electricity_sector_in_Canada
1159,We should further exploit hydroelectric dams,The creation of the Kentucky Dam and its hydroelectric power plant greatly improved the lives of Western Kentuckians.,History of Kentucky,https://en.wikipedia.org/wiki/History_of_Kentucky
1160,We should further exploit hydroelectric dams,"By harnessing the abundant hydroelectric and geothermal power sources, Iceland's renewable energy industry provides over 70% of all the nation's primary energy[REF] - proportionally more than any other country[REF] - with 99.9% of Iceland's electricity being generated from renewables.",Economy of Iceland,https://en.wikipedia.org/wiki/Economy_of_Iceland
1161,We should further exploit hydroelectric dams,"Hydroelectric power is currently the world's largest installed renewable source of electricity, supplying about 17% of total electricity in 2005 [REF].",Renewable energy commercialization,https://en.wikipedia.org/wiki/Renewable_energy_commercialization
1162,We should further exploit hydroelectric dams,"In 2008, The Economist stated that ""nuclear reactors are the one proven way to make carbon-dioxide-free electricity in large and reliable quantities that does not depend (as hydroelectric and geothermal energy do) on the luck of the geographical draw.""[REF]",Nuclear power debate,https://en.wikipedia.org/wiki/Nuclear_power_debate
1163,We should further exploit hydroelectric dams,"In 1984, together with his colleague Nicholas Hildyard, Goldsmith authored a multi-volume report on the destructive effects of large-scale, hydroelectric dams.",Edward Goldsmith,https://en.wikipedia.org/wiki/Edward_Goldsmith
1164,We should further exploit hydroelectric dams,"In 2008, the state government of Arunachal Pradesh signed deals with various Indian companies planning some 42 hydroelectric schemes that will produce electricity in excess of 27,000 MW [REF].",Arunachal Pradesh,https://en.wikipedia.org/wiki/Arunachal_Pradesh
1165,We should further exploit hydroelectric dams,"At its point of origin, Uganda has built three hydroelectric dams which provide electricity to many citizens in Uganda and neighboring countries.",Buikwe District,https://en.wikipedia.org/wiki/Buikwe_District
1166,We should further exploit hydroelectric dams,"The Centroamérica power plant on the Tuma River in the Central highlands has been expanded, and other hydroelectric projects have been undertaken to help provide electricity to the nation's newer industries [REF].",Nicaragua,https://en.wikipedia.org/wiki/Nicaragua
1167,We should further exploit hydroelectric dams,"Morocco plans a $13 billion expansion of wind, solar and hydroelectric power generation capacity and associated infrastructure that should see the country get 42% of its electricity from renewable sources by 2020 [REF].",Renewable energy in Morocco,https://en.wikipedia.org/wiki/Renewable_energy_in_Morocco
1168,We should further exploit hydroelectric dams,"Hydroelectric power is currently an important part of the world's energy supply, generating one-fifth of the world's electricity [REF].",Energy development,https://en.wikipedia.org/wiki/Energy_development
1169,We should further exploit hydroelectric dams,The Süreyya Bey dam and hydroelectric plant is under construction and will provide electricity and water for irrigation in the area [REF].,Zile,https://en.wikipedia.org/wiki/Zile
1170,We should further exploit hydroelectric dams,"Since the late twentieth century, hydroelectric power has been a very important aspect of Bhutan's economic development as a low-cost energy source supporting more capital-intensive industries, such as forestry, mining, and cement and calcium carbide production.",Energy in Bhutan,https://en.wikipedia.org/wiki/Energy_in_Bhutan
1171,We should prohibit tower blocks,The government's experiments in the 1960s and 70s to use high-rise apartments as a means of providing the housing solution for the poor resulted in a spectacular failure.,Tower block,https://en.wikipedia.org/wiki/Tower_block
1172,We should adopt open source software,Open source software promotes learning and understanding through the dissemination of understanding.,Open source movement,https://en.wikipedia.org/wiki/Open_source_movement
1173,We should adopt open source software,"In 2007 the chief information officer of the UK's National Archives stated ""We welcome open-source software because it makes our lives easier"" [REF].",Digital dark age,https://en.wikipedia.org/wiki/Digital_dark_age
1174,We should adopt open source software,Becta encourage the increasing use of Open Source software in schools and fund the Open Source Schools community.,Becta,https://en.wikipedia.org/wiki/Becta
1175,We should adopt open source software,Research indicates [REF] that the open-source software - Linux - has a lower percentage of bugs than some commercial software.,Open-source software,https://en.wikipedia.org/wiki/Open-source_software
1176,We should adopt open source software,"The company's anti-open source sentiment was enforced by former CEO Steve Ballmer, who referred to Linux, a widely used open source software, as a ""malignant cancer"".",Open source movement,https://en.wikipedia.org/wiki/Open_source_movement
1177,We should adopt open source software,A report by the Standish Group states that adoption of open-source software models has resulted in savings of about $60 billion per year to consumers [REF].,Open-source software,https://en.wikipedia.org/wiki/Open-source_software
1178,We should adopt open source software,"The Washington Post reported in 2003 that Lois Boland (USPTO Director of International Relations) said ""that open-source software runs counter to the mission of WIPO, which is to promote intellectual-property rights.""",World Intellectual Property Organization,https://en.wikipedia.org/wiki/World_Intellectual_Property_Organization
1179,We should adopt open source software,"In January 2010, the Government of Jordan announced that it has formed a partnership with Ingres Corporation, a leading open source database management company based in the United States that is now known as Actian Corporation, to promote the use of open source software starting with university systems in Jordan [REF].",Free and open source software,https://en.wikipedia.org/wiki/Free_and_open_source_software
1180,We should adopt open source software,The Document Foundation is a German Stiftung that promotes open-source software [REF].,The Document Foundation,https://en.wikipedia.org/wiki/The_Document_Foundation
1181,We should adopt open source software,"The ISA also supports Gelato, an Itanium HPC user group and developer community that ports and supports open source software for Itanium [REF].",Itanium,https://en.wikipedia.org/wiki/Itanium
1182,We should adopt open source software,"Microsoft backs an open-source effort to support OpenDocument in Office 2007, as well as earlier versions (up to Office 2000), through a converter add-in for Word, Excel and PowerPoint, and also a command-line utility [REF].",Microsoft Office 2007,https://en.wikipedia.org/wiki/Microsoft_Office_2007
1183,We should adopt open source software,"As a result of the pilot programs, in October 2008, Russian officials mandated that all schools use open source software.",Ponosov's case,https://en.wikipedia.org/wiki/Ponosov's_case
1184,We should adopt open source software,"In addition to his political policies, Tánczos also supports open source software, and uses Ubuntu Linux on his laptop.",Nándor Tánczos,https://en.wikipedia.org/wiki/Nándor_Tánczos
1185,We should adopt open source software,Twilio supports the development of open-source software and regularly makes contributions to the open source community.,Twilio,https://en.wikipedia.org/wiki/Twilio
1186,We should adopt open source software,Raymond promotes the term open source software as a more friendly alternative for the business and corporate world [REF].,Free software,https://en.wikipedia.org/wiki/Free_software
1187,We should adopt open source software,There are many different reasons why open-source software is beneficial to a software project in finance.,Rmetrics,https://en.wikipedia.org/wiki/Rmetrics
1188,We should adopt open source software,"Many open-source advocates argue that open-source software is inherently safer because any person can view, edit, and change code [REF].",Open-source software,https://en.wikipedia.org/wiki/Open-source_software
1189,We should adopt open source software,"Companies that offer open source software are able to establish an industry standard and, thus, gain competitive advantage .",Open-source software,https://en.wikipedia.org/wiki/Open-source_software
1190,We should adopt open source software,"As Lamb & Groom (2011) write in Educause: ""the jaw-dropping CUNY Academic Commons .. seamlessly integrates the open-source .. platforms into an appealing and highly sustainable environment."" .",CUNY Academic Commons,https://en.wikipedia.org/wiki/CUNY_Academic_Commons
1191,We should adopt open source software,"Dougiamas's PhD thesis is entitled ""The use of Open Source software to support a social constructionist epistemology of teaching and learning within Internet-based communities of reflective inquiry"" [REF].",Martin Dougiamas,https://en.wikipedia.org/wiki/Martin_Dougiamas
1192,Abstinence-only sex education should be mandatory,Romney has declared his support for abstinence-only sex education in public schools.,Political positions of Mitt Romney,https://en.wikipedia.org/wiki/Political_positions_of_Mitt_Romney
1193,Abstinence-only sex education should be mandatory,"Siyafundisa (""Teaching Our Children""), a five-year project to reduce HIV/AIDS incidence in South Africa, Mozambique, and Namibia by promoting abstinence until marriage, being faithful, and avoidance of unhealthy behaviors affecting youth.",FreshMinistries,https://en.wikipedia.org/wiki/FreshMinistries
1194,Abstinence-only sex education should be mandatory,"Citing the need for medically accurate information in sex education, Planned Parenthood opposes abstinence-only education in public schools.",Planned Parenthood,https://en.wikipedia.org/wiki/Planned_Parenthood
1195,Abstinence-only sex education should be mandatory,"In 2007, a study ordered by the U.S. Congress found that middle school students who took part in abstinence-only sex education programs were just as likely to have sex (and use contraception) in their teenage years as those who did not [REF].",Sex education,https://en.wikipedia.org/wiki/Sex_education
1196,Abstinence-only sex education should be mandatory,Holsinger said that abstinence education is one way to prevent sexually transmitted diseases and unwanted teen pregnancy but also supported educating teenagers about condom use [REF].,James W. Holsinger,https://en.wikipedia.org/wiki/James_W._Holsinger
1197,Abstinence-only sex education should be mandatory,Parra is pro-choice and supports comprehensive sex education programs over abstinence only programs.,Nicole Parra,https://en.wikipedia.org/wiki/Nicole_Parra
1198,Abstinence-only sex education should be mandatory,Advocates of abstinence-only education believe that the programs will result in decreased rates of teenage pregnancy and STD infection.,Birth control,https://en.wikipedia.org/wiki/Birth_control
1199,Abstinence-only sex education should be mandatory,"Concerned Women for America supports abstinence-only sex education, which it refers to as ""abstinence-until-marriage.""",Concerned Women for America,https://en.wikipedia.org/wiki/Concerned_Women_for_America
1200,Abstinence-only sex education should be mandatory,"[REF] Planned Parenthood, which advocates family planning and sex education, argues that no studies have shown abstinence-only programs to result in delayed intercourse, and cites surveys showing that 76% of American parents want their children to receive comprehensive sexuality education including condom use.",Condom,https://en.wikipedia.org/wiki/Condom
1201,Abstinence-only sex education should be mandatory,"[REF][REF] Professional medical organizations, including the AMA, AAP, ACOG, APHA, APA, and Society for Adolescent Medicine, support comprehensive sex education (providing abstinence and contraceptive information) and oppose the sole use of abstinence-only sex education.",Birth control,https://en.wikipedia.org/wiki/Birth_control
1202,Abstinence-only sex education should be mandatory,Abstinence-only education programs have been found to be ineffective in decreasing rates of HIV infection in the developed world[REF] and unplanned pregnancy [REF].,Safe sex,https://en.wikipedia.org/wiki/Safe_sex
1203,Abstinence-only sex education should be mandatory,"Proponents of abstinence-only sex education argue that this approach is superior to comprehensive sex education because it emphasizes the teaching of morality that limits sex to that within the bounds of marriage, and that sex before marriage and at a young age has heavy physical and emotional costs [REF].",Abstinence-only sex education,https://en.wikipedia.org/wiki/Abstinence-only_sex_education
1204,Abstinence-only sex education should be mandatory,"According to Advocates for Youth, abstinence-only sex education distorts information about contraceptives, including only revealing failure rates associated with their use, and ignoring discussion of their benefits [REF].",Abstinence-only sex education,https://en.wikipedia.org/wiki/Abstinence-only_sex_education
1205,Abstinence-only sex education should be mandatory,"Currently, empirical evidence also suggests that abstinence-only sex education does not work, and comprehensive sex education should be used instead [REF].",Catholic Church and AIDS,https://en.wikipedia.org/wiki/Catholic_Church_and_AIDS
1206,Abstinence-only sex education should be mandatory,"In 1996, the United States federal government shifted the objective of sex education towards ""abstinence-only sex education"" programs, promoting sexual abstinence before marriage (ie., virginity) and prohibiting information on birth control and contraception.",Virginity,https://en.wikipedia.org/wiki/Virginity
1207,Abstinence-only sex education should be mandatory,"Furthermore, a ""..study, conducted by Mathematica Policy Research Inc. on behalf of the U.S. Department of Health and Human Services, found that abstinence-only-until-marriage programs are ineffective.""[REF] .",Sex education,https://en.wikipedia.org/wiki/Sex_education
1208,Abstinence-only sex education should be mandatory,"Organizations such as SIECUS have called abstinence-only programs ""fear-based,"" and ""designed to control young people's sexual behavior by instilling fear, shame, and guilt.""",Sexual abstinence,https://en.wikipedia.org/wiki/Sexual_abstinence
1209,Abstinence-only sex education should be mandatory,"The poll sponsored by the National Abstinence Education Association and conducted by Zogby International found that: When parents become aware of what abstinence education vs. comprehensive sex education actually teaches, support for abstinence programs jumps from 40% to 60%, while support for comprehensive programs drops from 50% to 30%.",Sex education in the United States,https://en.wikipedia.org/wiki/Sex_education_in_the_United_States
1210,Abstinence-only sex education should be mandatory,"Abstinence-only education has been criticized in official statements by the American Psychological Association,[REF] the American Medical Association,[REF] the National Association of School Psychologists,[REF] the Society for Adolescent Medicine,[REF] the American College Health Association,[REF] the American Academy of Pediatrics,[REF] and the American Public Health Association,[REF] which all maintain that sex education needs to be comprehensive to be effective.",Sex education in the United States,https://en.wikipedia.org/wiki/Sex_education_in_the_United_States
1211,Abstinence-only sex education should be mandatory,"Arthur Caplan, director of the Center for Bioethics at the University of Pennsylvania, argues that abstinence-only sex education leads to the opposite of the intended results by spreading ignorance regarding sexually transmitted diseases and the proper use of contraceptives to prevent both infections and pregnancy [REF].",Sex education in the United States,https://en.wikipedia.org/wiki/Sex_education_in_the_United_States
1212,Abstinence-only sex education should be mandatory,Evidence has not supported the effective use of abstinence-only sex education [REF].,Abstinence-only sex education,https://en.wikipedia.org/wiki/Abstinence-only_sex_education
1213,Abstinence-only sex education should be mandatory,Cuccinelli has been a strong advocate of the abstinence-only sex education programs with state funding.,Ken Cuccinelli,https://en.wikipedia.org/wiki/Ken_Cuccinelli
1214,Abstinence-only sex education should be mandatory,"Recently, students stated that they believed that abstinence-only sex education did not adequately prepare students to make safe sexual decisions.","The Center School (Seattle, Washington)","https://en.wikipedia.org/wiki/The_Center_School_(Seattle,_Washington)"
1215,Abstinence-only sex education should be mandatory,"To date, no published studies of abstinence-only programs have found consistent and significant program effects on delaying the onset of intercourse [REF].",Sex education,https://en.wikipedia.org/wiki/Sex_education
1216,Abstinence-only sex education should be mandatory,"For instance, abstinence only education fails to decrease people's risks of transmitting STDs in the developing world [REF]. .",Catholic Church and AIDS,https://en.wikipedia.org/wiki/Catholic_Church_and_AIDS
1217,Abstinence-only sex education should be mandatory,A U.S. federal government-promoted abstinence-only program was aimed at teens in 1981 in order to discourage premarital sex and unwanted pregnancies.,Sexual abstinence,https://en.wikipedia.org/wiki/Sexual_abstinence
1218,Abstinence-only sex education should be mandatory,"Vitter advocated abstinence-only sex education, emphasizing abstinence over sex education that includes information about birth control, drawing criticism from Planned Parenthood [REF].",David Vitter,https://en.wikipedia.org/wiki/David_Vitter
1219,Abstinence-only sex education should be mandatory,"According to SIECUS, the Sexuality Information and Education Council of the United States, an organization that promotes comprehensive sex education[REF] in the United States,[REF] a ""..study, conducted by Mathematica Policy Research Inc. on behalf of the U.S. Department of Health and Human Services, found that abstinence-only-until-marriage programs are ineffective.""[REF]",Abstinence-only sex education,https://en.wikipedia.org/wiki/Abstinence-only_sex_education
1220,Abstinence-only sex education should be mandatory,"Several church-related groups are working to promote sexual abstinence until marriage and fidelity in marriage, both among church members and the general public [REF].",Unification Church,https://en.wikipedia.org/wiki/Unification_Church
1221,Abstinence-only sex education should be mandatory,Critics state that the strong abstinence-only stances taken up by CWA based on Christian principles have not been more effective than those of secular democracies of Western Europe in terms of preventing unwise teenage sexual activity and sexually transmitted diseases among teenage segments of the population [REF].,Concerned Women for America,https://en.wikipedia.org/wiki/Concerned_Women_for_America
1222,Abstinence-only sex education should be mandatory,"On August 4, 2007, the British Medical Journal published an editorial concluding that there is ""no evidence"" that abstinence-only sex education programs ""reduce risky sexual behaviours, incidence of sexually transmitted infections, or pregnancy"" in ""high income countries"" [REF].",Sex education in the United States,https://en.wikipedia.org/wiki/Sex_education_in_the_United_States
1223,Abstinence-only sex education should be mandatory,Two major studies by Congress have increased the volume of criticism surrounding abstinence-only education.,Sex education in the United States,https://en.wikipedia.org/wiki/Sex_education_in_the_United_States
1224,Abstinence-only sex education should be mandatory,"In 2007, a study ordered by Congress found that middle school students who took part in abstinence-only sex education programs were just as likely to have sex in their teenage years as those who did not [REF].",Sex education in the United States,https://en.wikipedia.org/wiki/Sex_education_in_the_United_States
1225,Abstinence-only sex education should be mandatory,"Earlier that year, Human Rights Watch reported that Uganda's ""abstinence-until-marriage"" HIV programs ""intrinsically discriminate on the basis of sexual orientation.""[REF] .",LGBT rights in Uganda,https://en.wikipedia.org/wiki/LGBT_rights_in_Uganda
1226,We should introduce covenant marriage,"Marriage In 1990, Webster sponsored and supported legislation in Florida introducing the policy of covenant marriage.",Daniel Webster (Florida politician),https://en.wikipedia.org/wiki/Daniel_Webster_(Florida_politician)
1227,We should prohibit international adoption,"Lady Nicholson also generated controversy through her strong opposition to international adoptions, which she believed had become a market and subject to corruption.",Emma Nicholson,https://en.wikipedia.org/wiki/Emma_Nicholson
1228,We should prohibit international adoption,Moldova has made international adoption illegal in fear of organ traffickers.,Organ transplantation,https://en.wikipedia.org/wiki/Organ_transplantation
1229,We should prohibit international adoption,"Due partially to her pressure, the Romanian government in 2005 implemented legislation that de facto banned international adoptions, in line with practices in some of the EU member states.",Emma Nicholson,https://en.wikipedia.org/wiki/Emma_Nicholson
1230,We should introduce universal health care,"A proponent of Obama's healthcare bill, Turner has said: ""We're the only first world country that doesn't have universal healthcare and it's a disgrace.""[REF] .",Ted Turner,https://en.wikipedia.org/wiki/Ted_Turner
1231,We should introduce universal health care,"Of the 62% of people who support universal heath care, 56% would still support a universal health insurance program even if it limited their own choice of doctors, and 63% would still support it even if it meant there were waiting lists for some non-emergency treatments.",Public opinion on health care reform in the United States,https://en.wikipedia.org/wiki/Public_opinion_on_health_care_reform_in_the_United_States
1232,We should introduce universal health care,"Olver is one of the co-sponsors of , the US National Health Care Act, or Expanded & Improved Medicare for All, which introduces a universal health insurance program with single-payer financing.",John Olver,https://en.wikipedia.org/wiki/John_Olver
1233,We should introduce universal health care,"In 2010, Congress passed and President Barack Obama signed the Affordable Health Care for America Act to provide near universal health care coverage in the United States by 2014.",Political positions of Ted Kennedy,https://en.wikipedia.org/wiki/Political_positions_of_Ted_Kennedy
1234,We should introduce universal health care,The Communist government asserted that universal health care was to become a priority of state planning and progress was made in rural areas [REF].,Cuba,https://en.wikipedia.org/wiki/Cuba
1235,We should introduce universal health care,"A 2008 survey of over two thousand doctors published in Annals of Internal Medicine, shows that physicians support universal health care and national health insurance by almost 2 to 1 [REF].",Public opinion on health care reform in the United States,https://en.wikipedia.org/wiki/Public_opinion_on_health_care_reform_in_the_United_States
1236,We should introduce universal health care,"Later in 2008, before the passage of the Patient Protection and Affordable Care Act of 2010, Staggers worked on one of four special work groups in the West Virginia House of Delegates with the goal of developing a universal health care system in West Virginia in lieu of a national health care reform policy [REF].",Margaret Anne Staggers,https://en.wikipedia.org/wiki/Margaret_Anne_Staggers
1237,We should introduce universal health care,Congresswoman Jane Harman maintained that the United States needs a universal healthcare program to guarantee coverage to all Americans regardless of income and affirms there should be pre-established limits on the amount of punitive damages awarded in medical malpractice lawsuits [REF].,Jane Harman,https://en.wikipedia.org/wiki/Jane_Harman
1238,We should introduce universal health care,"In 2002, automotive companies claimed that the universal health care system in Canada saved labour costs [REF].",Comparison of the health care systems in Canada and the United States,https://en.wikipedia.org/wiki/Comparison_of_the_health_care_systems_in_Canada_and_the_United_States
1239,We should introduce universal health care,"In Solved!, Emanuel said that Universal Healthcare Vouchers would solve the problem of rapidly increasing health care costs, which, rising at three times the rate of inflation, would result in higher copayments, fewer benefits, stagnant wages and fewer employers willing to pay for health care benefits [REF].",Ezekiel Emanuel,https://en.wikipedia.org/wiki/Ezekiel_Emanuel
1240,We should introduce universal health care,"A 2008 survey of doctors, published in Annals of Internal Medicine, shows that physicians support universal health care and national health insurance by almost 2 to 1 [REF].",Socialized medicine,https://en.wikipedia.org/wiki/Socialized_medicine
1241,We should introduce universal health care,"Langevin stated his goal for universal health care as ""a system of portable and continuous coverage based on quality, affordability and choice that promotes investment in long-term prevention and drives down the cost of care over time.""[REF] .",James Langevin,https://en.wikipedia.org/wiki/James_Langevin
1242,We should introduce universal health care,"As a Democrat, Ritter supports a ""semi-progressive"" agenda, emphasizing universal health care, environmental protection, housing subsidy and welfare increases and other stances aligned with the left wing of the Democratic Party.",Bill Ritter,https://en.wikipedia.org/wiki/Bill_Ritter
1243,We should introduce universal health care,"In 2010, Catholic Democrats president Dr. Patrick Whelan published a study that appeared in the New England Journal of Medicine and asserted that the number of abortions in Massachusetts decreased after the 2006 passage of universal health care there.",Catholic Democrats,https://en.wikipedia.org/wiki/Catholic_Democrats
1244,We should introduce universal health care,"Through his organization and its predecessors Jackson has advocated universal health care, a war on drugs, direct peace negotiations between Palestinians and Israelis, ending apartheid in South Africa and advancing democracy in Haiti [REF].",Rainbow/PUSH,https://en.wikipedia.org/wiki/Rainbow/PUSH
1245,We should introduce universal health care,"The Vermont Democrats advocate for socialized universal health care, equality for all and social justice [REF].",Vermont Democratic Party,https://en.wikipedia.org/wiki/Vermont_Democratic_Party
1246,We should introduce universal health care,"In 1945, the Conservatives first declared support for universal healthcare [REF].",Conservative Party (UK),https://en.wikipedia.org/wiki/Conservative_Party_(UK)
1247,We should introduce universal health care,Barack Obama campaigned in favor of universal health coverage as early as January 2007 [REF].,Healthy Americans Act,https://en.wikipedia.org/wiki/Healthy_Americans_Act
1248,We should introduce universal health care,"Also, Zindler described himself as a social liberal who supported universal health care.",Marvin Zindler,https://en.wikipedia.org/wiki/Marvin_Zindler
1249,We should introduce universal health care,"As the founding director in the early 1990s, Wilson spearheaded efforts in Massachusetts to support legislation for universal health care and against international trade deals like the North American Free Trade Agreement (NAFTA) and the World Trade Organization (WTO).",Rand Wilson,https://en.wikipedia.org/wiki/Rand_Wilson
1250,We should introduce universal health care,"The trade union center also supported universal health care, and gave an important early boost to modern efforts to pass federal legislation on the issue [REF].",Alliance for Labor Action,https://en.wikipedia.org/wiki/Alliance_for_Labor_Action
1251,We should introduce universal health care,"Peru's Universal Health Insurance law aims to increase access to timely and quality health care services, emphasizes maternal and child health promotion, and provides the poor with protection from financial ruin due to illness [REF].",Universal health care,https://en.wikipedia.org/wiki/Universal_health_care
1252,We should introduce universal health care,"A 1960s record distributed by the American Medical Association, narrated by Ronald Reagan, warns that universal health care could lead to lost freedoms and socialism.",Sicko,https://en.wikipedia.org/wiki/Sicko
1253,We should introduce universal health care,The new Cuban government asserted that universal healthcare was to become a priority of state planning.,Healthcare in Cuba,https://en.wikipedia.org/wiki/Healthcare_in_Cuba
1254,We should introduce universal health care,The left-of-center[REF]/liberal-leaning[REF][REF][REF] Urban Institute (UI) largely agreed with Moore regarding the need for a universal health care system and failure of the current system.,Sicko,https://en.wikipedia.org/wiki/Sicko
1255,We should introduce universal health care,"Tsongas advocates for universal health care and supports a public health insurance option, as long as it ""[is] self-sufficient, relying on the premiums it collects.""[REF]",Niki Tsongas,https://en.wikipedia.org/wiki/Niki_Tsongas
1256,We should introduce universal health care,"Moreover, TNR is strongly in favor of universal health care.",The New Republic,https://en.wikipedia.org/wiki/The_New_Republic
1257,We should introduce universal health care,"Franklin pointed that Cuba is well-developed in health care and was once the only nation in Latin America to offer universal free health care, and with the help of Cuba, Venezuela has been able to give free health care to many of its citizens; thus the both countries respect health care as a basic human right.",Cuba–Venezuela relations,https://en.wikipedia.org/wiki/Cuba–Venezuela_relations
1258,We should introduce universal health care,"In April 2010, Koroma sign into law the country's free health care program for pregnant women, nursing mothers and children under the age of five [REF].",Ernest Bai Koroma,https://en.wikipedia.org/wiki/Ernest_Bai_Koroma
1259,We should introduce universal health care,"In April 2010, Koroma sign into law the country's free health care program for pregnant women, nursing mothers and children under the age of five [REF].",Ernest Bai Koroma,https://en.wikipedia.org/wiki/Ernest_Bai_Koroma
1260,We should introduce universal health care,"To tackle the problems of the perpetually increasing number of uninsured, and costs associated with the US health care system, President Barack Obama says he favors the creation of a universal health care system [REF].",Health systems by country,https://en.wikipedia.org/wiki/Health_systems_by_country
1261,We should introduce universal health care,"In early 21st century political discourse in the United States, liberalism has come to include support for reproductive rights for women, including abortion,[REF] affirmative action for minority groups historically discriminated against,[REF] multilateralism and support for international institutions,[REF] support for individual rights over corporate interests,[REF] support for universal health care for Americans (with a ""single payer"" option), and opposition to tax cuts for the rich [REF].",Modern liberalism in the United States,https://en.wikipedia.org/wiki/Modern_liberalism_in_the_United_States
1262,We should introduce universal health care,"A large majority of liberals favor universal health care, with many supporting a single-payer system.",Democratic Party (United States),https://en.wikipedia.org/wiki/Democratic_Party_(United_States)
1263,We should introduce universal health care,"Although lacing his ""campaign"" with humorous sound bites, Grayson also stressed his support of abortion rights, universal health care, and a higher minimum wage.",Richard Grayson (writer),https://en.wikipedia.org/wiki/Richard_Grayson_(writer)
1264,We should introduce universal health care,"The party supports a system that gives universal coverage to everyone in Oregon, a system that is not for profit.",Democratic Party of Oregon,https://en.wikipedia.org/wiki/Democratic_Party_of_Oregon
1265,We should introduce universal health care,MHOP's stated goal is to create the first government-sponsored universal health care system in Mali and to help others reproduce our model around the world [REF].,Mali Health Organizing Project,https://en.wikipedia.org/wiki/Mali_Health_Organizing_Project
1266,We should introduce universal health care,"Greene advocated free universal health care, saying that the United States should model its system on Austria, Britain, or Canada [REF].",Alvin Greene,https://en.wikipedia.org/wiki/Alvin_Greene
1267,We should introduce universal health care,"Over the course of his Senate career and continuing into the Obama administration, Kennedy continued his efforts to enact universal health care, which he called the ""cause of my life."" .",Ted Kennedy,https://en.wikipedia.org/wiki/Ted_Kennedy
1268,We should introduce universal health care,"The report provides an action agenda for countries at all stages of development, and proposes ways that the international community can better support efforts in low-income countries to achieve universal coverage and improve population health outcomes [REF].",World Health Report,https://en.wikipedia.org/wiki/World_Health_Report
1269,We should introduce universal health care,"Politically, Watson has advocated universal health care and strengthening environmental protections.",Robert P. Watson,https://en.wikipedia.org/wiki/Robert_P._Watson
1270,We should introduce universal health care,"Moran has expressed support for Universal Healthcare and more specifically the public health insurance option, saying at a town hall meeting in Reston, Virginia, in August 2009 that ""It could do the most to bring down long-term medical costs and to adequately insure every American.""[REF][REF]",Jim Moran,https://en.wikipedia.org/wiki/Jim_Moran
1271,We should introduce universal health care,"Advocates argue that shifting the US to a single-payer health care system would provide universal coverage, give patients free choice of providers and hospitals, and guarantee comprehensive coverage and equal access for all medically necessary procedures, without increasing overall spending.",Health care reform debate in the United States,https://en.wikipedia.org/wiki/Health_care_reform_debate_in_the_United_States
1272,We should prohibit corporal punishment,"The DCF summary report stated that Victory Forge staff were believed to have ""engaged in physical discipline that is harmful to children, such as choking to unconsciousness, punching, kicking, banging heads into walls and cabinets.""[REF]",Victory Forge Military Academy,https://en.wikipedia.org/wiki/Victory_Forge_Military_Academy
1273,We should prohibit corporal punishment,"The American Academy of Pediatrics believes that corporal punishment possesses some negative side-effects and only limited benefits, and recommends the use of other forms of discipline to manage undesirable behavior [REF].",Corporal punishment in the home,https://en.wikipedia.org/wiki/Corporal_punishment_in_the_home
1274,We should prohibit corporal punishment,"George strongly believes in discipline and corporal punishment; his motto is ""it's discipline that begets love"" [REF].",George Liquor,https://en.wikipedia.org/wiki/George_Liquor
1275,We should prohibit corporal punishment,"On social issues, Harper argued for ""parental rights"" to use corporal punishment against their children and supported raising the age of sexual consent [REF].",Stephen Harper,https://en.wikipedia.org/wiki/Stephen_Harper
1276,We should prohibit corporal punishment,"Larzelere, like most experts who believe spanking is not always detrimental, believes that certain guidelines must be kept in mind if parents choose to use corporal punishment.",Spanking,https://en.wikipedia.org/wiki/Spanking
1277,We should prohibit corporal punishment,"Like the Roman educator Quintilian, Erasmus was against corporal punishment for unruly students.",The Education of a Christian Prince,https://en.wikipedia.org/wiki/The_Education_of_a_Christian_Prince
1278,We should prohibit corporal punishment,Thirty-one U.S. states and the District of Columbia have banned corporal punishment from use in state schools.,School corporal punishment,https://en.wikipedia.org/wiki/School_corporal_punishment
1279,We should prohibit corporal punishment,"In June 1972, the Liverpool Education Committee banned all forms of corporal punishment in the city's schools, although both cane and slipper appear to have continued in common use throughout the seventies.",Liverpool Collegiate School,https://en.wikipedia.org/wiki/Liverpool_Collegiate_School
1280,We should prohibit corporal punishment,The research that is available supports the position that spanking and other forms of physical punishment are associated with negative child outcomes.,Corporal punishment in the home,https://en.wikipedia.org/wiki/Corporal_punishment_in_the_home
1281,We should prohibit corporal punishment,"In particular, the AAP believes that any corporal punishment methods other than open-hand spanking on the buttocks or extremities ""are unacceptable"" and ""should never be used"".",Corporal punishment in the home,https://en.wikipedia.org/wiki/Corporal_punishment_in_the_home
1282,We should prohibit corporal punishment,Pat Califia asserts that Norman was critical of the psychological and physical harm that non-stop BDSM slavery and corporal punishment might inflict [REF].,Gorean,https://en.wikipedia.org/wiki/Gorean
1283,We should prohibit corporal punishment,"Dobson first became well-known with the publication of Dare to Discipline (1970), which encouraged parents to use corporal punishment in disciplining their children [REF].",James Dobson,https://en.wikipedia.org/wiki/James_Dobson
1284,We should prohibit corporal punishment,"According to Cohen's 1996 study, older children who receive corporal punishment may resort to more physical aggression, substance abuse, crime and violence [REF].",Corporal punishment in the home,https://en.wikipedia.org/wiki/Corporal_punishment_in_the_home
1285,We should prohibit corporal punishment,"In November 2009, the government of the People's Republic of China banned physical punishment to ""wean"" teens from the Internet.",Internet addiction disorder,https://en.wikipedia.org/wiki/Internet_addiction_disorder
1286,We should prohibit corporal punishment,"Two states, New Jersey and Iowa, additionally ban the use of corporal punishment in private schools.",School corporal punishment,https://en.wikipedia.org/wiki/School_corporal_punishment
1287,We should prohibit corporal punishment,"The National Association of Social Workers ""opposes the use of physical punishment in homes, schools, and all other institutions where children are cared for and educated.""[REF] .",Corporal punishment in the home,https://en.wikipedia.org/wiki/Corporal_punishment_in_the_home
1288,We should prohibit corporal punishment,"In its General Comment 8 (2000) the Committee on the Rights of the Child stated that there was an ""obligation of all States parties to move quickly to prohibit and eliminate all corporal punishment and all other cruel or degrading forms of punishment of children"" [REF].",Convention on the Rights of the Child,https://en.wikipedia.org/wiki/Convention_on_the_Rights_of_the_Child
1289,We should prohibit corporal punishment,"The American Academy of Pediatrics (AAP) in an official policy statement[REF] (reaffirmed in 2004) states that ""Corporal punishment is of limited effectiveness and has potentially deleterious side effects.""",Corporal punishment in the home,https://en.wikipedia.org/wiki/Corporal_punishment_in_the_home
1290,We should prohibit corporal punishment,"Janet Heimlich, author of Breaking Their Will: Shedding Light on Religious Child Maltreatment, quoted Pearl as saying, ""You are abusing your child when [corporal punishment] starts doing harm to your child.""[REF] .",Michael Pearl,https://en.wikipedia.org/wiki/Michael_Pearl
1291,We should prohibit corporal punishment,The Royal College of Psychiatrists also takes the position that corporal punishment is unacceptable in all circumstances [REF].,Corporal punishment in the home,https://en.wikipedia.org/wiki/Corporal_punishment_in_the_home
1292,We should prohibit corporal punishment,"According to his obituary in The New York Times, Mr. Murton's ideas on prison reform included treating prisoners with respect, abolishing corporal punishment, providing better food and rooting out extortion and other rackets among the inmates.",Tom Murton,https://en.wikipedia.org/wiki/Tom_Murton
1293,We should prohibit corporal punishment,"Zeigler believed Riley should be disciplined to say ""Sir"" and ""Ma'am"" to adults, and that corporal punishment was the best means of disciplining a child.",Riley Ann Sawyers,https://en.wikipedia.org/wiki/Riley_Ann_Sawyers
1294,We should prohibit corporal punishment,"In the United Kingdom, the Royal College of Paediatrics and Child Health and the Royal College of Psychiatrists have both called for a complete ban on all corporal punishment, stating ""We believe it is both wrong and impracticable to seek to define acceptable forms of corporal punishment of children.",Corporal punishment in the home,https://en.wikipedia.org/wiki/Corporal_punishment_in_the_home
1295,We should prohibit corporal punishment,"Although some Christians use physical discipline for religious reasons, the European Commission of Human Rights rejected an application in 1982 by Swedish parents who alleged that Sweden's 1979 ban on parental physical punishment breached their right to respect for family life and religious freedom [REF].",Corporal punishment in the home,https://en.wikipedia.org/wiki/Corporal_punishment_in_the_home
1296,We should prohibit corporal punishment,"Similarly, over the 40 years, many of the recommendations which first appeared in the report, have evolved and appeared in legislation under other guises, such as the widespread introduction of state-funded nursery provision, Extended Schools, requirement for a Home School Agreement to be presented (but not signed), the ban on corporal punishment, ESOL programmes, Educational Action Zones and most of all the comprehensive system.",Plowden report,https://en.wikipedia.org/wiki/Plowden_report
1297,We should prohibit corporal punishment,"A 2003 review of available research into parental punishment concluded that ""strong evidence exists that the use of physical punishment has a number of inherent risks regarding the physical and mental health and well-being of children"" [REF].",Corporal punishment in the home,https://en.wikipedia.org/wiki/Corporal_punishment_in_the_home
1298,We should prohibit corporal punishment,"Boys are more likely than girls to be spanked at home,[REF] and corporal punishment of boys tends to be more severe and more aggressive than that of girls[REF] despite some research suggesting that corporal punishment is more counterproductive for boys than girls [REF].",Corporal punishment in the home,https://en.wikipedia.org/wiki/Corporal_punishment_in_the_home
1299,We should prohibit corporal punishment,"Some humans-service professionals claim that cultural norms that sanction physical punishment are one of the causes of child abuse, and have undertaken campaigns to redefine such norms [REF].",Child abuse,https://en.wikipedia.org/wiki/Child_abuse
1300,We should prohibit corporal punishment,"As early as 1985 The New York Times stated that ""most child-care experts today disapprove of physical punishment.""[REF] .",Child discipline,https://en.wikipedia.org/wiki/Child_discipline
1301,We should prohibit corporal punishment,"Elementary schools were organized, the Board issued instructions for teachers, prohibiting corporal punishment.",Pedro Juan Caballero (politician),https://en.wikipedia.org/wiki/Pedro_Juan_Caballero_(politician)
1302,We should prohibit corporal punishment,"An archdiocisean review conducted by Dr. Monica Applewhite, described as an expert in safe environment training and child protection, determined that ""the school's corporal punishment was both excessive and unreasonable and the school did not have effective safeguards to prevent future abuse.""[REF] .",St. Augustine High School (New Orleans),https://en.wikipedia.org/wiki/St._Augustine_High_School_(New_Orleans)
1303,We should prohibit corporal punishment,"A 1996 study by Straus suggested that children who receive corporal punishment are more likely to be angry as adults, use spanking as a form of discipline, approve of striking a spouse, and experience marital discord [REF].",Corporal punishment in the home,https://en.wikipedia.org/wiki/Corporal_punishment_in_the_home
1304,We should prohibit corporal punishment,"Diana Baumrind believes that the evidence seems to indicate that mild, nonabusive, physical punishment is not harmful when used occasionally, in a loving relationship, and in conjunction with other methods of discipline, most notably with reasoning.",Spanking,https://en.wikipedia.org/wiki/Spanking
1305,We should prohibit corporal punishment,"The American Academy of Pediatrics also believes that corporal punishment polarizes the parent-child relationship, reducing the amount of spontaneous cooperation on the part of the child.",Corporal punishment in the home,https://en.wikipedia.org/wiki/Corporal_punishment_in_the_home
1306,We should prohibit corporal punishment,"Principal Mr Shelton Perkins is a believer in using the strap, a form of corporal punishment, when other methods to instil discipline have failed [REF].",The St. Michael School,https://en.wikipedia.org/wiki/The_St._Michael_School
1307,We should prohibit corporal punishment,"Corporal punishment was linked with nine other negative outcomes, including increased rates of aggression, delinquency, mental health problems, problems in relationships with their parents, and likelihood of being physically abused.",Corporal punishment in the home,https://en.wikipedia.org/wiki/Corporal_punishment_in_the_home
1308,We should prohibit corporal punishment,Furedi suggests that many advocates of a total ban on physical punishment are actually against all forms of punishing children.,Poisonous pedagogy,https://en.wikipedia.org/wiki/Poisonous_pedagogy
1309,We should prohibit corporal punishment,A 1998 study found that physical punishment is used extensively by teachers in Egypt to punish behavior they regard as unacceptable.,School corporal punishment,https://en.wikipedia.org/wiki/School_corporal_punishment
1310,We should prohibit corporal punishment,"The UK Government responded that ""the use of physical punishment is a matter for individual parents to decide"" [REF].",Convention on the Rights of the Child,https://en.wikipedia.org/wiki/Convention_on_the_Rights_of_the_Child
1311,We should prohibit corporal punishment,"Although spanking is legal in the United States, as early as 1985 The New York Times stated that ""most child-care experts today disapprove of physical punishment.""[REF] .",James Dobson,https://en.wikipedia.org/wiki/James_Dobson
1312,We should prohibit corporal punishment,"The Canadian Paediatric Society, therefore, recommends that physicians strongly discourage disciplinary spanking and all other forms of physical punishment"" [REF].",Corporal punishment in the home,https://en.wikipedia.org/wiki/Corporal_punishment_in_the_home
1313,We should prohibit corporal punishment,"The Australian Psychological Society holds that physical punishment of children should not be used as it has very limited capacity to deter unwanted behavior, does not teach alternative desirable behavior, often promotes further undesirable behaviors such as defiance and attachment to ""delinquent"" peer groups, and encourages an acceptance of aggression and violence as acceptable responses to conflicts and problems [REF].",Corporal punishment in the home,https://en.wikipedia.org/wiki/Corporal_punishment_in_the_home
1314,We should prohibit corporal punishment,"The petitioner argued that since corporal punishment was legal that any restrictions on that punishment infringes upon ""parental rights.""",Judith Billings,https://en.wikipedia.org/wiki/Judith_Billings
1315,We should prohibit corporal punishment,"The report concluded that corporal punishment in Letterfrack was ""severe, excessive and pervasive, and created a climate of fear"", that it ""was the primary method of control"" and that unavoidable because ""it was frequently capricious, unfair and inconsistent"" [REF].","St Joseph's Industrial School, Letterfrack","https://en.wikipedia.org/wiki/St_Joseph's_Industrial_School,_Letterfrack"
1316,We should prohibit corporal punishment,The amendment banning corporal punishment had the support of President Chen Shui-bian and Prime Minister Frank Hsieh and was passed by a wide margin in the Legislative Yuan.,Corporal punishment in Taiwan,https://en.wikipedia.org/wiki/Corporal_punishment_in_Taiwan
1317,We should prohibit corporal punishment,"Indeed, Terhune regularly decries the use of physical punishment to gain obedience.","Lad, A Dog","https://en.wikipedia.org/wiki/Lad,_A_Dog"
1318,We should prohibit corporal punishment,"Baumrind has studied the effects of corporal punishment on children, and has concluded that mild spanking, in the context of an authoritative (NOT authoritarian) parenting style, is unlikely to have a significant detrimental effect, if one is careful to control for other variables such as socioeconomic status [REF].",Diana Baumrind,https://en.wikipedia.org/wiki/Diana_Baumrind
1319,We should prohibit corporal punishment,"Mr Chee carried over to the new Junior College the long-standing ACS ""family tradition"" of corporal punishment, using caning to discipline misbehaving male students.",Anglo-Chinese Junior College,https://en.wikipedia.org/wiki/Anglo-Chinese_Junior_College
1320,We should prohibit corporal punishment,The APA also states that corporal punishment is likely to train children to use physical violence [REF].,Corporal punishment,https://en.wikipedia.org/wiki/Corporal_punishment
1321,We should prohibit corporal punishment,McKay also stresses the fact that corporal punishment continued to be inflicted for numerous offences and often proved fatal [REF].,Human rights in Tibet,https://en.wikipedia.org/wiki/Human_rights_in_Tibet
1322,We should prohibit corporal punishment,"UNESCO recommends that corporal punishment be prohibited in schools, homes and institutions as a form of discipline, and alleges that it is a violation of human rights as well as counterproductive, ineffective, dangerous and harmful to children [REF].",Corporal punishment in the home,https://en.wikipedia.org/wiki/Corporal_punishment_in_the_home
1323,We should prohibit corporal punishment,"Many countries, including some US states, also permit the use of less severe corporal punishment for children in school.",Assault,https://en.wikipedia.org/wiki/Assault
1324,We should prohibit corporal punishment,"Every province except Alberta and Manitoba had banned corporal punishment in public schools before the above-mentioned 2004 ban, though British Columbia and Manitoba were the only provinces to ban it in both public and private schools.",School corporal punishment,https://en.wikipedia.org/wiki/School_corporal_punishment
1325,We should prohibit corporal punishment,Some psychological research is held to indicate that corporal punishment causes the deterioration of trust bonds between parents and children.,Corporal punishment in the home,https://en.wikipedia.org/wiki/Corporal_punishment_in_the_home
1326,We should prohibit corporal punishment,"A 1997 study by Straus, Sugarman and Giles-Sims[REF] found detrimental child outcomes of nonabusive or customary physical punishment by parents using a design that would not also tend to find detrimental outcomes of most alternative discipline responses.",Corporal punishment in the home,https://en.wikipedia.org/wiki/Corporal_punishment_in_the_home
1327,We should prohibit corporal punishment,"Save the Children ""opposes all forms of corporal punishment on children"" [REF].",Corporal punishment in the home,https://en.wikipedia.org/wiki/Corporal_punishment_in_the_home
1328,We should prohibit corporal punishment,30% agreed that physical punishment should be part of child discipline.,Crimes (Substituted Section 59) Amendment Act 2007,https://en.wikipedia.org/wiki/Crimes_(Substituted_Section_59)_Amendment_Act_2007
1329,We should increase internet censorship,"The Obama administration has questioned the Labor governments plan to introduce an internet censorship scheme, claiming it opposes the United States foreign policy of encouraging an open internet to spread economic growth and global security.",Australia–United States relations,https://en.wikipedia.org/wiki/Australia–United_States_relations
1330,We should increase internet censorship,"Digital activists commended Posner's bureau in this approach in an open letter to Congress in March 2011, saying, ""The State Department, and particularly the Bureau of Democracy, Human Rights and Labor (DRL), has taken significant interest in supporting technologies that enhance Internet freedom, and reached out to leading organizations in a collaborative and open approach."" .",Michael Posner (lawyer),https://en.wikipedia.org/wiki/Michael_Posner_(lawyer)
1331,We should increase internet censorship,"Scott has made a stance against internet censorship, and as an advocate for internet freedom.",Richard T. Scott,https://en.wikipedia.org/wiki/Richard_T._Scott
1332,We should increase internet censorship,"The Church of Scientology recommended internet censorship as a method of defending itself against what it said were a constant campaign of abuse by the group ""Anonymous,"" along with misinformation and misrepresentation in the media.",Splinternet,https://en.wikipedia.org/wiki/Splinternet
1333,We should adopt socialism,"Azad had backed the election of Nehru as Congress President, and supported the resolution endorsing socialism.",Abul Kalam Azad,https://en.wikipedia.org/wiki/Abul_Kalam_Azad
1334,We should adopt socialism,"Although Du Bois was not yet familiar with the communist theories of Marx or Lenin, he concluded that socialism may be a better path towards racial equality than capitalism [REF].",W. E. B. Du Bois,https://en.wikipedia.org/wiki/W._E._B._Du_Bois
1335,We should adopt socialism,"In Economics and the Public Purpose (1973) Galbraith advocates a ""new socialism"" as the solution, nationalising military production and public services such as health care, introducing disciplined miss u salary and price controls to reduce inequality.",Institutional economics,https://en.wikipedia.org/wiki/Institutional_economics
1336,We should adopt socialism,"Knudsen, inspired by German theories, argued that ""socialism [is] the only means"" to ""help the working estate"".",Christian Holtermann Knudsen,https://en.wikipedia.org/wiki/Christian_Holtermann_Knudsen
1337,We should adopt socialism,"Gladden did not support socialism or laissez faire economics, advocating instead the application of ""Christian law"" to issues.",Washington Gladden,https://en.wikipedia.org/wiki/Washington_Gladden
1338,We should adopt socialism,"As an economist, Williams is a proponent of free market economics and opposes socialist systems of government intervention [REF].",Walter E. Williams,https://en.wikipedia.org/wiki/Walter_E._Williams
1339,We should adopt socialism,"As a model for the development of post-colonial states, the socialist model proved disappointing, fostering economic stagnation among millions of the world's poorest people.",Randolph Foundation,https://en.wikipedia.org/wiki/Randolph_Foundation
1340,We should adopt socialism,The economist John Kenneth Galbraith has criticized communal forms of socialism that promote egalitarianism in terms of wages/compensation as unrealistic in its assumptions about human motivation: .,Criticisms of Marxism,https://en.wikipedia.org/wiki/Criticisms_of_Marxism
1341,We should adopt socialism,Nyerere believed socialism was an attitude of mind that barred discrimination and entailed equality of all human beings [REF].,Julius Nyerere,https://en.wikipedia.org/wiki/Julius_Nyerere
1342,We should adopt socialism,"In the third FRELIMO party congress in 1983, President Samora Machel conceded the failure of socialism and the need for major political and economic reforms.",Politics of Mozambique,https://en.wikipedia.org/wiki/Politics_of_Mozambique
1343,We should adopt socialism,"Hayek further argued that central economic planning - a mainstay of socialism - would lead to a ""total"" state with dangerous power.",Political philosophy,https://en.wikipedia.org/wiki/Political_philosophy
1344,We should adopt socialism,The paper advocated business interests and strongly opposed socialism.,Jyllands-Posten,https://en.wikipedia.org/wiki/Jyllands-Posten
1345,We should adopt socialism,"Azad developed a close friendship with Nehru and began espousing socialism as the means to fight inequality, poverty and other national challenges.",Abul Kalam Azad,https://en.wikipedia.org/wiki/Abul_Kalam_Azad
1346,We should adopt socialism,"Lange and Lerner also admitted that socialism would lack any simulation of financial markets, and that this would cause problems in planning capital investment.",Economic calculation problem,https://en.wikipedia.org/wiki/Economic_calculation_problem
1347,We should adopt socialism,"Socialists argue that socialism would allow for wealth to be distributed based on how much one contributes to society, as opposed to how much capital one holds.",Socialism,https://en.wikipedia.org/wiki/Socialism
1348,We should adopt socialism,"Milton Friedman, an economist, argued that socialism, by which he meant state ownership over the means of production, impedes technological progress due to competition being stifled.",Criticisms of socialism,https://en.wikipedia.org/wiki/Criticisms_of_socialism
1349,We should adopt socialism,"In a similar vein, Pierre-Joseph Proudhon claimed that socialism is ""every aspiration towards the amelioration of society"" [REF].",Types of socialism,https://en.wikipedia.org/wiki/Types_of_socialism
1350,We should adopt socialism,"Under U Nu and the AFPFL-led coalition government, Burma had implemented socialist economic and welfare policies, which yielded slow economic growth throughout the 1950s [REF].",Burmese Way to Socialism,https://en.wikipedia.org/wiki/Burmese_Way_to_Socialism
1351,We should adopt socialism,"During these years, Mujib developed an affinity for socialism as the ideal solution to mass poverty, unemployment and poor living conditions.",Sheikh Mujibur Rahman,https://en.wikipedia.org/wiki/Sheikh_Mujibur_Rahman
1352,Holocaust denial should be a criminal offence,"In Romania, Emergency Ordinance No. 31 of March 13, 2002 prohibits Holocaust denial.",Laws against Holocaust denial,https://en.wikipedia.org/wiki/Laws_against_Holocaust_denial
1353,Holocaust denial should be a criminal offence,"János Kis[REF] and TASZ,[REF] in particular András Schiffer[REF] feel the work of Holocaust deniers should be protected by a universal right to free speech.",Laws against Holocaust denial,https://en.wikipedia.org/wiki/Laws_against_Holocaust_denial
1354,Holocaust denial should be a criminal offence,"The Anti-Defamation League has stated that ""Holocaust denial is a contemporary form of the classic anti-Semitic doctrine of the evil, manipulative and threatening world Jewish conspiracy""[REF] and French historian Valérie Igounet has written that ""Holocaust denial is a convenient polemical substitute for anti-semitism.""[REF]",Holocaust denial,https://en.wikipedia.org/wiki/Holocaust_denial
1355,Holocaust denial should be a criminal offence,"The American Historical Association, the oldest and largest society of historians and teachers of history in the United States, states that Holocaust denial is ""at best, a form of academic fraud.""[REF]",Holocaust denial,https://en.wikipedia.org/wiki/Holocaust_denial
1356,Holocaust denial should be a criminal offence,All six political parties in the German parliament signed a joint resolution condemning this Holocaust denial [REF].,Holocaust denial,https://en.wikipedia.org/wiki/Holocaust_denial
1357,Holocaust denial should be a criminal offence,"The European Union's executive Commission proposed a European Union-wide anti-racism xenophobia law in 2001, which included the criminalization of Holocaust denial.",Laws against Holocaust denial,https://en.wikipedia.org/wiki/Laws_against_Holocaust_denial
1358,Holocaust denial should be a criminal offence,"Besides Austria, eleven other countries[REF]-including Belgium, France, Germany, Lithuania, Poland, and Switzerland-have criminalised Holocaust denial as punishable with imprisonment [REF].",Historical revisionism (negationism),https://en.wikipedia.org/wiki/Historical_revisionism_(negationism)
1359,We should introduce a flat tax,"Fisher supports a flat tax,[REF] small businesses (""many of which started in our communities""), gun rights (""which [have] often made a difference in the African-American community's security""), and expanded education options [REF].",Ada Fisher,https://en.wikipedia.org/wiki/Ada_Fisher
1360,We should introduce a flat tax,The current government introduced a flat tax system with the intention of making the country more attractive to foreign investment.,Republic of Macedonia,https://en.wikipedia.org/wiki/Republic_of_Macedonia
1361,We should introduce a flat tax,"The New Party favours small government with a flat-tax regime and measures to increase individual freedom and self-reliance, as well as deregulation of business and industry.","The New Party (UK, 2003)","https://en.wikipedia.org/wiki/The_New_Party_(UK,_2003)"
1362,We should introduce a flat tax,Perry put forward a flat tax proposal that would allow taxpayers to choose either their tax rate under existing law or a flat 20% rate.,"Rick Perry presidential campaign, 2012","https://en.wikipedia.org/wiki/Rick_Perry_presidential_campaign,_2012"
1363,We should introduce a flat tax,"Concerning tax policy, the NFU is in favor of a more progressive tax structure and are opposed to a flat tax [REF].",National Farmers Union (United States),https://en.wikipedia.org/wiki/National_Farmers_Union_(United_States)
1364,We should introduce a flat tax,"Scorsone supported abortion rights, called a flat tax ""too regressive"", and favored national educational testing and standards [REF].",Ernie Fletcher,https://en.wikipedia.org/wiki/Ernie_Fletcher
1365,We should introduce a flat tax,"Later that week, in accepting Forbes' endorsement of his own presidential candidacy, Giuliani said that ""a flat tax would make a lot of sense"" [REF].",Political positions of Rudy Giuliani,https://en.wikipedia.org/wiki/Political_positions_of_Rudy_Giuliani
1366,We should introduce a flat tax,"In 2001, Putin, who has advocated liberal economic policies, introduced flat tax rate of 13%;[REF][REF] the corporate rate of tax was also reduced from 35 percent to 24 percent;[REF] Small businesses also get better treatment.",Vladimir Putin,https://en.wikipedia.org/wiki/Vladimir_Putin
1367,We should introduce a flat tax,"Whilst in some countries the introduction of a flat tax has coincided with strong increases in growth and tax revenue, some argue that there is no proven causal link between the two.",Flat tax,https://en.wikipedia.org/wiki/Flat_tax
1368,We should introduce a flat tax,"During his presidency, Putin passed into law a flat income tax of 13%, a reduced profits tax, and new land and legal codes [REF].",Vladimir Putin,https://en.wikipedia.org/wiki/Vladimir_Putin
1369,We should introduce a flat tax,Jutta Urpilainen reiterated her claim that the incumbent government was furthering the establishment of a flat tax.,"Finnish parliamentary election, 2011","https://en.wikipedia.org/wiki/Finnish_parliamentary_election,_2011"
1370,We should introduce a flat tax,"Schmidt called for additional changes to the Internal Revenue Code, such as adopting a flat tax and repealing the estate and capital gains taxes.",Jean Schmidt,https://en.wikipedia.org/wiki/Jean_Schmidt
1371,We should introduce a flat tax,"In the United States, former House Majority Leader Dick Armey and FreedomWorks[REF] have sought support for the flat tax (Taxpayer Choice Act).",Flat tax,https://en.wikipedia.org/wiki/Flat_tax
1372,We should introduce a flat tax,"Later analysis suggested that, in particular, Merkel's support for a flat-tax proposal by Paul Kirchhof, the shadow Finance Minister, further undermined her credibility on economic affairs and gave the impression that the CDU's economic reforms would only benefit the very rich.","German federal election, 2005","https://en.wikipedia.org/wiki/German_federal_election,_2005"
1373,We should introduce a flat tax,"In 2005 Senator Sam Brownback, a Republican from Kansas, stated he had a plan to implement a flat tax in Washington, D.C. [REF].",Flat tax,https://en.wikipedia.org/wiki/Flat_tax
1374,We should introduce a flat tax,"Sullivan rejected the ""liberal"" label, on the grounds that he supports a flat tax, rejects progressive taxation as unjust and counter-productive, is skeptical of universal healthcare and supports a free market in healthcare and pharmaceuticals, strongly supports ""fighting a war against Jihadist terror"", and therefore does not meet Forbes magazine's own criteria for a ""liberal"", which include support for progressive taxation and universal healthcare and ""a certain queasiness about the war on terror.""",Andrew Sullivan,https://en.wikipedia.org/wiki/Andrew_Sullivan
1375,We should introduce a flat tax,"Strauss opposed efforts by various members of the United States Congress to overturn the District's ban on handguns, institute school vouchers in the District, and institute a flat tax in the District [REF].",Paul Strauss,https://en.wikipedia.org/wiki/Paul_Strauss
1376,We should introduce a flat tax,Kilroy-Silk also proposed support for the introduction of flat tax in opposition to the existing system of income tax bands varying with income.,Veritas (political party),https://en.wikipedia.org/wiki/Veritas_(political_party)
1377,We should introduce a flat tax,"At the New Zealand general election 2011, ACT advocated lowering tax rates and also supported something approaching a flat tax, in which tax rates would not be graduated based on wealth or income, so every taxpayer would pay the same proportion of their income in tax.",ACT New Zealand,https://en.wikipedia.org/wiki/ACT_New_Zealand
1378,We should introduce a flat tax,Advocates of the flat tax argue that the former communist states of Eastern Europe have benefited from the adoption of a flat tax.,Flat tax,https://en.wikipedia.org/wiki/Flat_tax
1379,We should introduce a flat tax,The countries that have recently reintroduced flat taxes have done so largely in the hope of boosting economic growth.,Flat tax,https://en.wikipedia.org/wiki/Flat_tax
1380,We should abolish zoos,"In a recent Harris Interactive Poll, 95 percent of respondents agreed that seeing elephants in zoos helps people appreciate them more.",Rosamond Gifford Zoo,https://en.wikipedia.org/wiki/Rosamond_Gifford_Zoo
1381,We should abolish zoos,"The Central Zoo Authority of India has identified the park as coordinating zoo for the breeding programmes for endangered species as per the National Zoo Policy adopted by the Government of India in 1988, which states that the main objective of zoos will be to complement and strengthen national efforts in the conservation of the country's rich biodiversity and that the species which have no chance of survival in the wild would be bred under ex-situ conditions.",Arignar Anna Zoological Park,https://en.wikipedia.org/wiki/Arignar_Anna_Zoological_Park
1382,We should abolish zoos,"In another project with the Nigerian Conservation Foundation, the zoo has assisted with biodiversity surveys of the southwester region of the country.",North Carolina Zoo,https://en.wikipedia.org/wiki/North_Carolina_Zoo
1383,We should abolish zoos,The zoo offers many educational programs for kids and adults of all ages.,Henry Doorly Zoo,https://en.wikipedia.org/wiki/Henry_Doorly_Zoo
1384,We should abolish zoos,"Active as a field biologist in Patagonia, Conway promoted a new vision of zoos as conservation organizations, which cooperated in breeding endangered species.",Wildlife Conservation Society,https://en.wikipedia.org/wiki/Wildlife_Conservation_Society
1385,We should abolish zoos,A study shows that the lifespan of elephants in European zoos is about half as long as those living in protected areas in Africa and Asia [REF].,Elephant,https://en.wikipedia.org/wiki/Elephant
1386,We should abolish zoos,"Animal rights advocates allege elephants in zoos and circuses ""suffer a life of chronic physical ailments, social deprivation, emotional starvation and premature death"" [REF].",Elephant,https://en.wikipedia.org/wiki/Elephant
1387,We should abolish zoos,"Proponents argue the zoos have aided the conservation effort by studying the reproductive habits, raising public awareness and education about the rhinos, and helping raise financial resources for conservation efforts in Sumatra.",Sumatran rhinoceros,https://en.wikipedia.org/wiki/Sumatran_rhinoceros
1388,We should abolish zoos,"IDA believes that zoos lead to the premature deaths of elephants [REF] and that ""urban zoos simply don't have enough space for these magnificent, intelligent animals"" [REF].",In Defense of Animals,https://en.wikipedia.org/wiki/In_Defense_of_Animals
1389,We should abolish zoos,The zoo allows pupils to develop skills and concepts about our world and our responsibilities to it.,Twycross Zoo,https://en.wikipedia.org/wiki/Twycross_Zoo
1390,We should abolish zoos,"On February 15, 1965, the Kamloops Chamber of Commerce were approached by animal enthusiast and eventual Wildlife Park founder John Moelaert, who proposed that an idea of a zoological park would be the perfect attraction to boost the local economy, because it would attract both visitors and residents [REF].",British Columbia Wildlife Park,https://en.wikipedia.org/wiki/British_Columbia_Wildlife_Park
1391,We should abolish zoos,The nine-member commission found that a zoo was both feasible and desirable.,North Carolina Zoo,https://en.wikipedia.org/wiki/North_Carolina_Zoo
1392,We should abolish zoos,"Earlier in the year, the Western Animal Rights Network (WARN) and the Captive Animals Protection Society (CAPS) made several claims of animal cruelty against the zoo, and charged that it regularly culled animals during winter months to reduce costs.",Noah's Ark Zoo Farm,https://en.wikipedia.org/wiki/Noah's_Ark_Zoo_Farm
1393,We should abolish zoos,"Already in his mid-fifties, Col. Sawer was an advocate for the newish notion that zoological parks were fundamentally about education, science and conservation.",Auckland Zoo,https://en.wikipedia.org/wiki/Auckland_Zoo
1394,We should cancel the speed limit,The European Union is also increasingly using Speed Limits as in response to environmental concerns [REF].,Speed limit,https://en.wikipedia.org/wiki/Speed_limit
1395,We should cancel the speed limit,"In 2003, the Texas Legislature prospectively banned environmental speed limits effective September 1, 2003.",Speed limits in Texas,https://en.wikipedia.org/wiki/Speed_limits_in_Texas
1396,We should cancel the speed limit,Studies undertaken in conjunction with Australia's move from speed limits to in built-up areas and found that the measure was effective in reducing both speed and the frequency and severity of crashes [REF].,Speed limit,https://en.wikipedia.org/wiki/Speed_limit
1397,We should cancel the speed limit,"According to the government, speed limits are used to help achieve appropriate traffic speeds for safety, and environmental and accessibility reasons [REF].",Road speed limits in the United Kingdom,https://en.wikipedia.org/wiki/Road_speed_limits_in_the_United_Kingdom
1398,We should cancel the speed limit,"A 1998 report in the Wall Street Journal title 'Highways are safe at any speed' stated that when speed limits are set artificially low, tailgating, weaving and speed variance (the problem of some cars traveling significantly faster than others) make roads less safe [REF].",Speed limit,https://en.wikipedia.org/wiki/Speed_limit
1399,We should cancel the speed limit,The report identified that the speed of vehicles was 'at the core of the problem[REF] and said that speed limits should be set appropriately for the road function and design along with physical measures related to the road and the vehicle and effective enforcement by the police [REF].,Speed limit,https://en.wikipedia.org/wiki/Speed_limit
1400,We should cancel the speed limit,"Current estimates conclude that a speed limit would reduce Germany's overall CO2 emission by a mere fraction of a percent, and in terms of highway safety, German Autobahns are among the world's safest.",Speed limits in Germany,https://en.wikipedia.org/wiki/Speed_limits_in_Germany
1401,We should cancel the speed limit,"(UK), National Motorists Association (USA/Canada) argue that the strict enforcement of speed limits does not necessarily result in safer driving, and may even have negative effect on road safety in general.",Road traffic safety,https://en.wikipedia.org/wiki/Road_traffic_safety
1402,We should cancel the speed limit,"The California Trucking Association, the then-largest trucking association in the United States, opposed differential speed limits on grounds that they are ""not wise from a safety standpoint.""[REF] .",National Maximum Speed Law,https://en.wikipedia.org/wiki/National_Maximum_Speed_Law
1403,We should cancel the speed limit,"Therefore, Germany's car lobby (VDA, AVD and ADAC, among others) is openly against a speed limit [REF].",German autobahns,https://en.wikipedia.org/wiki/German_autobahns
1404,We should cancel the speed limit,"In 2010 German Auto Club (a major motoring organisation) concluded an autobahn speed limit was unnecessary because numerous countries with a general highway speed limit had worse safety records than Germany, for example Denmark, Belgium, Austria, and the United States [REF].",Speed limit,https://en.wikipedia.org/wiki/Speed_limit
1405,We should cancel the speed limit,"The Department for Transport state that ""speed limits play a fundamental role"" in the effective management of traffic speeds in relation to the safety of both drivers and all other road users [REF].",Road speed limits in the United Kingdom,https://en.wikipedia.org/wiki/Road_speed_limits_in_the_United_Kingdom
1406,We should fight for Tibetan independence,"Additionally, the Indian press started openly advocating Tibetan independence.",McMahon Line,https://en.wikipedia.org/wiki/McMahon_Line
1407,We should ban private education,"A paper by Karthik Muralidharan of University of California, San Diego and Michael Kremer of Harvard University shows that private schools in rural India appear to perform better than government schools across several measures [REF].",Andhra Pradesh Randomized Evaluation Studies (APRESt),https://en.wikipedia.org/wiki/Andhra_Pradesh_Randomized_Evaluation_Studies_(APRESt)
1408,We should ban private education,"Dr. Seo Yu-hyeon, a brain expert from Seoul National University Faculty of Medicines criticized South Korea's private educations among toddlers due to the forceful nature of these educational pursuits that could deteriorate creativity and block any healthy brain development [REF].",Education in South Korea,https://en.wikipedia.org/wiki/Education_in_South_Korea
1409,We should ban private education,"According to some research, private schools often provide superior results at a fraction of the unit cost of government schools [REF].",State school,https://en.wikipedia.org/wiki/State_school
1410,We should adopt vegetarianism,Organizations including People for the Ethical Treatment of Animals (PETA) criticized Gore for not advocating vegetarianism as a way for individuals to reduce their carbon footprint [REF].,Al Gore,https://en.wikipedia.org/wiki/Al_Gore
1411,We should adopt vegetarianism,"Mohandas Gandhi, James Bevel, and other nonviolent proponents advocated vegetarianism as part of their nonviolent philosophy.",Nonviolence,https://en.wikipedia.org/wiki/Nonviolence
1412,We should adopt vegetarianism,"While Jainism is not a proselytizing religion and as such has no organised system of advocating its doctrine, Jains have been forefront in strongly advocating vegetarianism and non-violence through ages [REF].",Ahimsa in Jainism,https://en.wikipedia.org/wiki/Ahimsa_in_Jainism
1413,We should adopt vegetarianism,"The author of the influential 2006 Stern Review on climate change has stated ""people will need to turn vegetarian if the world is to conquer climate change"".",Human impact on the environment,https://en.wikipedia.org/wiki/Human_impact_on_the_environment
1414,We should adopt vegetarianism,"Diabetes U.K. state that diabetes should not prevent people from going vegetarian - in fact, it may be beneficial to diabetics to go vegetarian, as this will cut down on saturated fats.",Diabetic diet,https://en.wikipedia.org/wiki/Diabetic_diet
1415,We should adopt vegetarianism,"Some groups, such as PETA, promote vegetarianism as a way to offset poor treatment and working conditions of workers in the contemporary meat industry [REF].",Vegetarianism,https://en.wikipedia.org/wiki/Vegetarianism
1416,We should adopt vegetarianism,ISKCON New Mathura Vrindaban is strictly vegetarian and believes that meat consumption creates negative karma.,New Vrindaban,https://en.wikipedia.org/wiki/New_Vrindaban
1417,We should adopt vegetarianism,John Robbins has written a critique in which he reviews the history of the Weston Price Foundation and provides evidence that Weston Price had recommended a vegetarian and dairy diet to his own family members as the healthiest diet [REF].,Weston A. Price Foundation,https://en.wikipedia.org/wiki/Weston_A._Price_Foundation
1418,We should adopt vegetarianism,"Matheny argued that per-consumer, a vegan diet would kill fewer wild animals than a diet adhering to Davis's model, and that vegetarianism ""likely allows a greater number of animals with lives worth living to exist.""[REF]",Veganism,https://en.wikipedia.org/wiki/Veganism
1419,We should adopt vegetarianism,"Romantic writers including Ritson, Shelley, and Pope perceived the movement to vegetarianism as a way of returning to nature, reclaiming history, and turning away from animal or carnal savagery.",Vegetarianism and Romanticism,https://en.wikipedia.org/wiki/Vegetarianism_and_Romanticism
1420,We should adopt vegetarianism,"Like Ritson, Shelley believed that a meatless diet was the best mode of consumption for a healthy, disease-free life.",Vegetarianism and Romanticism,https://en.wikipedia.org/wiki/Vegetarianism_and_Romanticism
1421,We should adopt vegetarianism,"PETA had an ad ready claiming that, ""Vegetarians have better sex.""",Super Bowl XLII,https://en.wikipedia.org/wiki/Super_Bowl_XLII
1422,We should adopt vegetarianism,"Evidence suggests that vegetarians have lower rates of coronary heart disease, obesity, hypertension, type 2 diabetes,[REF] osteoporosis,[REF] and dementia [REF].",Vegetarian nutrition,https://en.wikipedia.org/wiki/Vegetarian_nutrition
1423,We should adopt vegetarianism,"Fox attended and read at the Los Angeles book launch of Karen Dawn's Thanking The Monkey, and was seen on Access Hollywood discussing how being vegetarian helps the environment [REF].",Jorja Fox,https://en.wikipedia.org/wiki/Jorja_Fox
1424,We should adopt vegetarianism,"Jewish Vegetarians of North America (JVNA) is a grassroots organization promoting vegetarianism as ""God's ideal diet""[REF] Notable Jewish vegetarians include David Rosen, She'ar Yashuv Cohen, Roberta Kalechofsky, Yonassan Gershom and Richard H. Schwartz.",Vegetarianism and religion,https://en.wikipedia.org/wiki/Vegetarianism_and_religion
1425,We should adopt vegetarianism,Several clinical trials have documented that vegetarian eating patterns lower blood pressure.,Vegetarianism,https://en.wikipedia.org/wiki/Vegetarianism
1426,We should adopt vegetarianism,"Marion Nestle, a professor in the Department of Nutrition and Food Studies at New York University, judging from research relating nutritional factors to chronic disease risks and to observations of exceptionally low chronic disease rates among people eating vegetarian, Mediterranean and Asian diets, has suggested that plant-based diets may be most associated with health and longevity [REF].",Paleolithic diet,https://en.wikipedia.org/wiki/Paleolithic_diet
1427,We should adopt vegetarianism,A 1999 meta-analysis of five studies comparing vegetarian and non-vegetarian mortality rates in Western countries found a 6 percent reduction in mortality from ischemic heart disease in vegans compared to occasional meat eaters.,Veganism,https://en.wikipedia.org/wiki/Veganism
1428,We should adopt vegetarianism,"Fox is a supporter of the Human Rights Campaign[REF] and has been a dedicated vegetarian since the age of 19, working with PETA to help promote vegetarianism[REF] and also working with ADI[REF] to bring light to the suffering of animals in circuses.",Jorja Fox,https://en.wikipedia.org/wiki/Jorja_Fox
1429,We should adopt vegetarianism,The study found that this group of vegetarians (lacto-ovo) have a significantly higher amount of plasma carboxymethyllysine and advanced glycation endproducts (AGEs) compared to this group of non-vegetarians [REF].,Vegetarianism,https://en.wikipedia.org/wiki/Vegetarianism
1430,We should adopt vegetarianism,"A 21 year follow up of about thirty thousand Seventh Day Adventists (adventists are known for presenting a ""health message"" that recommends vegetarianism) found that people who ate red meat daily were 60% more likely to die of heart disease than those who ate red meat less than once per week [REF].",Red meat,https://en.wikipedia.org/wiki/Red_meat
1431,We should adopt vegetarianism,"There is evidence that vegetarians tend to have a lower body mass index,[REF][REF] lower risk of obesity,[REF] lower blood cholesterol levels,[REF][REF] lower homocysteine levels,[REF] lower risk of high blood pressure,[REF][REF] and lower risk of type 2 diabetes [REF].",Vegetarian nutrition,https://en.wikipedia.org/wiki/Vegetarian_nutrition
1432,We should adopt vegetarianism,Vegetarian diet: Vegetarians have been shown to have a 24% reduced risk of dying of heart disease [REF].,Coronary artery disease,https://en.wikipedia.org/wiki/Coronary_artery_disease
1433,We should adopt vegetarianism,"Vegetarians may avoid the negative health effects of red meat: A 1999 meta-study of five studies comparing vegetarian and non-vegetarian mortality rates in Western countries found that in comparison with regular meat eaters, mortality from ischemic heart disease was 34% lower in people who ate fish but not meat (pescetarians), 34% lower in ovo-lacto vegetarians, 26% lower in vegans and 20% lower in occasional meat eaters [REF].",Vegetarian nutrition,https://en.wikipedia.org/wiki/Vegetarian_nutrition
1434,We should adopt vegetarianism,"Just like Silverstone, Sharon is an animal rights supporter and a vegetarian.",Braceface,https://en.wikipedia.org/wiki/Braceface
1435,We should adopt vegetarianism,Patriji teaches that vegetarianism and anapanasati meditation are fundamental to world health and world well-being.,Brahmarshi Subhash Patri,https://en.wikipedia.org/wiki/Brahmarshi_Subhash_Patri
1436,We should adopt vegetarianism,Most members have worked with PETA to promote compassion for animals and the vegetarian lifestyle [REF].,The Roots,https://en.wikipedia.org/wiki/The_Roots
1437,We should adopt vegetarianism,"PCRM promotes a vegetarian or vegan diet, together with aerobic and weight-bearing exercises and exposure to sufficient sunlight for vitamin D production.",Physicians Committee for Responsible Medicine,https://en.wikipedia.org/wiki/Physicians_Committee_for_Responsible_Medicine
1438,We should adopt vegetarianism,Cowherd advocated vegetarianism as a form of temperance and was one of the philosophical forerunners of the Vegetarian Society [REF].,History of vegetarianism,https://en.wikipedia.org/wiki/History_of_vegetarianism
1439,We should adopt vegetarianism,"Nicholas Stern, the author of the 2006 Stern Review on climate change has stated ""people will need to turn vegetarian if the world is to conquer climate change"" [REF].",Atmospheric methane,https://en.wikipedia.org/wiki/Atmospheric_methane
1440,We should adopt vegetarianism,"Although she had separated from McCartney, Mills said: ""It's only since I met Paul [McCartney] that I really got to understand how vegetarianism not only benefits your health massively but also makes a huge difference to the planet, to animals, and to feeding the world"" [REF].",Heather Mills,https://en.wikipedia.org/wiki/Heather_Mills
1441,We should adopt vegetarianism,Stern is an advocate of vegetarianism as a climate change mitigation element [REF].,"Nicholas Stern, Baron Stern of Brentford","https://en.wikipedia.org/wiki/Nicholas_Stern,_Baron_Stern_of_Brentford"
1442,We should adopt vegetarianism,"Dr. Cheever is an outspoken critic of the consumption of foie gras, has contributed to numerous publications advocating vegetarianism,[REF] and is a prominent proponent of other animal rights causes including banning organized equestrian sports [REF].",Foie gras controversy,https://en.wikipedia.org/wiki/Foie_gras_controversy
1443,We should adopt vegetarianism,"Schopenhauer's views on animal rights stopped short of advocating vegetarianism, arguing that, so long as an animal's death was quick, men would suffer more by not eating meat than animals would suffer by being eaten.",History of animal rights,https://en.wikipedia.org/wiki/History_of_animal_rights
1444,We should adopt vegetarianism,"Cowherd's emphasized that vegetarianism was good for health, whilst eating meat was unnatural and likely to cause aggression.",Christian vegetarianism,https://en.wikipedia.org/wiki/Christian_vegetarianism
1445,We should adopt vegetarianism,Bill Mollison has inconsistently argued in his Permaculture Design Course that vegetarianism exacerbates soil erosion.,Environmental vegetarianism,https://en.wikipedia.org/wiki/Environmental_vegetarianism
1446,We should adopt vegetarianism,"Ellen G. White, one of the founders of the Seventh-day Adventist Church, became an advocate of vegetarianism, and the Church has recommended a meatless diet ever since [REF].",History of vegetarianism,https://en.wikipedia.org/wiki/History_of_vegetarianism
1447,We should adopt vegetarianism,Some people believe that the Book of Daniel also specifically promotes vegetarianism as beneficial.,Christian vegetarianism,https://en.wikipedia.org/wiki/Christian_vegetarianism
1448,We should adopt vegetarianism,"The Humanist Vegetarian Group aims to promote vegetarianism for a variety of reasons including environmental concerns, economics, dietary preferences, aesthetics and health.",British Humanist Association,https://en.wikipedia.org/wiki/British_Humanist_Association
1449,We should ban boxing,"Endresen & Olweus (2005) recently conducted a study that participating in power sports (which included kick-boxing, boxing, wrestling and weightlifting) ""leads to an increase or enhancement of antisocial involvement in the form of elevated levels of violent as well as non-violent antisocial behaviour outside sports.""",Martial arts therapy,https://en.wikipedia.org/wiki/Martial_arts_therapy
1450,We should ban boxing,"Thus, in 1983, the Journal of the American Medical Association called for a ban on boxing.",Boxing,https://en.wikipedia.org/wiki/Boxing
1451,We should ban boxing,"According to Chhoeung Yavyen, a ringside doctor for the Cambodian Amateur Boxing Association, in the past five years 30 kick boxers have sustained serious injury in the ring including broken wrists and arms, broken shins, broken noses, dislodged shoulders, hip injuries and broken jaws.",Pradal serey,https://en.wikipedia.org/wiki/Pradal_serey
1452,We should ban boxing,"Dr. Bill O'Neill, boxing spokesman for the British Medical Association, has supported the BMA's proposed ban on boxing: ""It is the only sport where the intention is to inflict serious injury on your opponent, and we feel that we must have a total ban on boxing.""[REF]",Boxing,https://en.wikipedia.org/wiki/Boxing
1453,We should ban boxing,"The editor, Dr. George Lundberg, called boxing an ""obscenity"" that ""should not be sanctioned by any civilized society.""[REF]",Boxing,https://en.wikipedia.org/wiki/Boxing
1454,We should ban boxing,"Since then, the British,[REF] Canadian[REF] and Australian[REF] Medical Associations also have called for bans on boxing.",Boxing,https://en.wikipedia.org/wiki/Boxing
1455,We should ban boxing,Findings in one study even suggest that boxers with high exposure may have a genetic susceptibility to developing more severe neurological deficits.,Dementia pugilistica,https://en.wikipedia.org/wiki/Dementia_pugilistica
1456,We should ban boxing,"In his first editorial, Murray stated, ""Boxing will stand for good clean sport.",Boxing News,https://en.wikipedia.org/wiki/Boxing_News
1457,We should ban boxing,"In response to assertions by opponents that cockfighting is a cruel activity, Lalonde said, ""Boxing is more inhumane than cockfighting.","Raymond ""La La"" Lalonde","https://en.wikipedia.org/wiki/Raymond_""La_La""_Lalonde"
1458,We should ban boxing,"Magee's younger brother Eamonn stated that for his mother ""boxing was as important as school"".",Noel Magee,https://en.wikipedia.org/wiki/Noel_Magee
1459,We should abolish the monarchy,Voltaire was a prominent Enlightenment philosopher who felt enlightened monarchy was the only real way for society to advance.,Enlightened absolutism,https://en.wikipedia.org/wiki/Enlightened_absolutism
1460,We should abolish the monarchy,[REF] Polls indicate that many New Zealanders see the monarchy as being of little day-to-day relevance; a One News Colmar Brunton poll in 2002 found that 58% of the population believed the monarchy has little or no relevance to their lives.,Monarchy of New Zealand,https://en.wikipedia.org/wiki/Monarchy_of_New_Zealand
1461,We should abolish the monarchy,"Ayatollah Khomeini, leader of the Islamic revolution and founder of the Islamic Republic of Iran and its first supreme leader declared that, ""The concept of monarchy totally contradicts Islam.""",Arab–Iran relations,https://en.wikipedia.org/wiki/Arab–Iran_relations
1462,We should abolish the monarchy,"Former Deputy Prime Minister Michael Cullen declared that he supported the monarchy, stating in 2004 he was ""a sort of token monarchist in the Cabinet these days.""[REF]",Monarchy of New Zealand,https://en.wikipedia.org/wiki/Monarchy_of_New_Zealand
1463,We should abolish the monarchy,"The Congress voted on the question on 22 November 1830, supporting monarchy by 174 votes to 13.",Monarchy of Belgium,https://en.wikipedia.org/wiki/Monarchy_of_Belgium
1464,We should abolish the monarchy,"According to a 2002 poll by Ipsos-Reid, 79% of Canadians supported ""the constitutional monarchy as Canada's form of government where we elect governments whose leader becomes Prime Minister,""[REF] and a further 62% believed the monarchy helped to define Canada's identity [REF].",Debate on the monarchy in Canada,https://en.wikipedia.org/wiki/Debate_on_the_monarchy_in_Canada
1465,We should abolish the monarchy,"Sallal gathered tribesmen in San'a and proclaimed: ""The corrupt monarchy which ruled for a thousand years was a disgrace to the Arab nation and to all humanity.",North Yemen Civil War,https://en.wikipedia.org/wiki/North_Yemen_Civil_War
1466,We should abolish the monarchy,"Currently, about 80 per cent support keeping the monarchy [REF].",Monarchies in Europe,https://en.wikipedia.org/wiki/Monarchies_in_Europe
1467,We should abolish the monarchy,"A fifth poll, conducted by Harris-Decima for The Canadian Press a few days ahead of the Queen's nine-day visit to Canada in June, found that nearly half of Canadians, 48%, consider the monarchy to be ""a relic of our colonial past that has no place in Canada today.""",Debate on the monarchy in Canada,https://en.wikipedia.org/wiki/Debate_on_the_monarchy_in_Canada
1468,We should abolish the monarchy,Political parties agreed in 1991 that the monarchy would remain to enhance political stability and provide an important symbol of national identity for the culturally diverse Nepali people.,Politics of Nepal,https://en.wikipedia.org/wiki/Politics_of_Nepal
1469,We should abolish the monarchy,Polls indicate that many New Zealanders see the monarchy as being of little day-to-day relevance; a One News Colmar Brunton poll in 2002 found that 58% of the population believed the monarchy has little or no relevance to their lives [REF].,Independence of New Zealand,https://en.wikipedia.org/wiki/Independence_of_New_Zealand
1470,We should abolish the monarchy,"Moreover, Leonardo Bruni (1370-1444) asserted, based on Tacitus's pronouncements in the introduction to the Histories, that republican government made better men, whereas monarchy was inimical to human virtue (see Tacitean studies).",Classical republicanism,https://en.wikipedia.org/wiki/Classical_republicanism
1471,We should abolish the monarchy,"A 1999 Gallup poll found that 48% of Canadians thought Canada should have a monarch as its head of state, while 43% thought Canada should discontinue its ties with the monarchy.",Debate on the monarchy in Canada,https://en.wikipedia.org/wiki/Debate_on_the_monarchy_in_Canada
1472,We should abolish the monarchy,"A survey taken by COMPAS, as commissioned by the National Post/Global Television media outlet, showed that 63% of Canadians ""believe the monarchy should retain or strengthen its role in Canada,"" while 12% felt moderately that the monarchy should be abolished, and 18% felt strongly about the same.",Debate on the monarchy in Canada,https://en.wikipedia.org/wiki/Debate_on_the_monarchy_in_Canada
1473,We should abolish the monarchy,"The coronation ceremony was estimated to cost his country roughly 20 million US dollars [REF]. Bokassa attempted to justify his actions by claiming that creating a monarchy would help Central Africa ""stand out"" from the rest of the continent, and earn the world's respect.",Jean-Bédel Bokassa,https://en.wikipedia.org/wiki/Jean-Bédel_Bokassa
1474,We should abolish the monarchy,"The popularity of the monarchy exploded after the wedding, and a SIFO showed that more than 70% of the Swedes supported the monarchy and only 16% wanted to abandon it.","Victoria, Crown Princess of Sweden","https://en.wikipedia.org/wiki/Victoria,_Crown_Princess_of_Sweden"
1475,We should abolish the monarchy,"In a referendum held on 28 September 1919, 80.34 per cent voted in favour of keeping the monarchy [REF].",Monarchies in Europe,https://en.wikipedia.org/wiki/Monarchies_in_Europe
1476,We should abolish the monarchy,"Some classic rabbinical commentaries, especially the Rambam, supported monarchy and viewed the future Messiah as a king in literal sense and the future Messianic redemption as restoration of the Jewish state.",Anarchism and Orthodox Judaism,https://en.wikipedia.org/wiki/Anarchism_and_Orthodox_Judaism
1477,We should abolish the monarchy,"Earlier, in December 1917, the Council had voted 15-to-5 that a monarchy would suit Lithuania better [REF].",Kingdom of Lithuania (1918),https://en.wikipedia.org/wiki/Kingdom_of_Lithuania_(1918)
1478,We should abolish the monarchy,"Palmer showed unwavering and public devotion to Roman Catholicism, in spite of heavy legal and social penalties and also staunchly supported the Stuart monarchy.","Roger Palmer, 1st Earl of Castlemaine","https://en.wikipedia.org/wiki/Roger_Palmer,_1st_Earl_of_Castlemaine"
1479,We should abolish the monarchy,"A 2002 poll by EKOS Research Associates found that the majority 52% of Canadians think that ""the monarchy is an outdated and regressive institution that has no real relevance to most of Canadians today.""",Debate on the monarchy in Canada,https://en.wikipedia.org/wiki/Debate_on_the_monarchy_in_Canada
1480,We should abolish the monarchy,"Pierre Skilling has asserted that Hergé saw monarchy as ""the legitimate form of government"", noting that democratic ""values seem underrepresented in [such] a classic Franco-Belgian strip"" [REF].",The Adventures of Tintin,https://en.wikipedia.org/wiki/The_Adventures_of_Tintin
1481,We should abolish the monarchy,In 2011 a poll showed that 64% of Serbians support restoring the monarchy [REF].,"Alexander, Crown Prince of Yugoslavia","https://en.wikipedia.org/wiki/Alexander,_Crown_Prince_of_Yugoslavia"
1482,We should abolish the monarchy,"Some, such as journalist Christina Blizzard, emphasise that the monarchy ""made [Canada] a haven of peace and justice for immigrants from around the world.""[REF]",Monarchism in Canada,https://en.wikipedia.org/wiki/Monarchism_in_Canada
1483,We should abolish the monarchy,The monarchy currently remains secure in the United Kingdom with MORI Polls in the opening years of the 21st century showing support for retaining the monarchy stable at around 80% of people [REF].,Republicanism in the United Kingdom,https://en.wikipedia.org/wiki/Republicanism_in_the_United_Kingdom
1484,We should abolish the monarchy,"At the first session of the Constituent Assembly on 28 May, it voted to declare Nepal a federal democratic republic, thereby abolishing the monarchy.","Nepalese Constituent Assembly election, 2008","https://en.wikipedia.org/wiki/Nepalese_Constituent_Assembly_election,_2008"
1485,We should abolish the monarchy,"Comparing laws in the various forms of government, Shcherbatov pointed out the advantage of the monarchy, which, having its solid established laws could provide for its citizens' security for their lives, property and tranquility.",Mikhail Shcherbatov,https://en.wikipedia.org/wiki/Mikhail_Shcherbatov
1486,We should abolish the monarchy,Opinion polls however have shown that a majority of New Zealanders favour keeping the monarchy.,Constitution of New Zealand,https://en.wikipedia.org/wiki/Constitution_of_New_Zealand
1487,We should abolish the monarchy,"Thus, according to one survey conducted back in 1998, only 16.3% of 828 respondents believed that a monarchy would be a good or very good form of government for Georgia when asked how suitable they think various types of government were or would be for Georgia [REF].",Monarchism in Georgia,https://en.wikipedia.org/wiki/Monarchism_in_Georgia
1488,We should abolish the monarchy,"Powell supported the maintenance of Monarchy, established religion and hereditary peers in governance.",Powellism,https://en.wikipedia.org/wiki/Powellism
1489,We should abolish the monarchy,The Belgian historian Jean Stengers wrote that some foreigners believe the monarchy is indispensable to national unity.,Monarchy of Belgium,https://en.wikipedia.org/wiki/Monarchy_of_Belgium
1490,We should abolish the monarchy,"Former Governor General Vincent Massey articulated that the monarchy ""is part of ourselves.",Monarchism in Canada,https://en.wikipedia.org/wiki/Monarchism_in_Canada
1491,We should abolish the monarchy,"From that point onward, the Emperor ceased to believe in the monarchy as a viable form of government for Brazil's future, as his remaining heir was a daughter.",Decline and fall of Pedro II of Brazil,https://en.wikipedia.org/wiki/Decline_and_fall_of_Pedro_II_of_Brazil
1492,We should abolish the monarchy,"The polling conducted by the Morgan Poll in May 2011 showed the support for the monarchy was now 55% (up 17% since 1999), whereas the support for a republic was at 34% (down 20%) [REF].",Republicanism in Australia,https://en.wikipedia.org/wiki/Republicanism_in_Australia
1493,We should abolish the monarchy,"Adams and his party demanded more rights for the poor and for the people, and staunchly supported the monarchy.",History of Barbados,https://en.wikipedia.org/wiki/History_of_Barbados
1494,We should abolish the monarchy,"[REF] Their position is that because of its hereditary aspects, the sovereign's role as Supreme Governor of the Church of England (in England only), and the provisions of the Act of Settlement, 1701, that currently bar Roman Catholics from the line of succession, the monarchy is inherently contrary to egalitarianism and multiculturalism.",Republicanism in Canada,https://en.wikipedia.org/wiki/Republicanism_in_Canada
1495,We should abolish the monarchy,"The Southern Society, under Pestel's influence, was more radical and wanted to abolish the monarchy, establish a republic and redistribute land: taking half into state ownership and dividing the rest among the peasants [REF].",Decembrist revolt,https://en.wikipedia.org/wiki/Decembrist_revolt
1496,We should abolish the monarchy,"New Zealand Prime Minister John Key said: ""He believed that the monarchy was an instrument of change and can truly be seen as the architect of evolving democracy in Tonga.",George Tupou V,https://en.wikipedia.org/wiki/George_Tupou_V
1497,We should abolish the monarchy,"The International Monarchist League, founded in 1943, which has been very influential in Canada and Australia, has always sought to promote monarchy on the grounds that it strengthens popular liberty, both in a democracy and in a dictatorship, because by definition the monarch is not beholden to politicians.",Monarchism,https://en.wikipedia.org/wiki/Monarchism
1498,We should abolish the monarchy,"On 8 March, three Shiite groups formed the ""Coalition for a Bahraini Republic"", including the Wafa, Haq and Freedom Movement, called for the abolishing of the monarchy and the establishing of a democratic republic [REF].",Timeline of the 2011–2012 Bahraini uprising,https://en.wikipedia.org/wiki/Timeline_of_the_2011–2012_Bahraini_uprising
1499,We should abolish the monarchy,The Gulf states were especially inclined to fear an Iranian victory after Khomeini announced that monarchy was an illegitimate and un-Islamic form of government [REF].,Iran–Iraq War,https://en.wikipedia.org/wiki/Iran–Iraq_War
